#pragma once
// GIS glyphs maximized for left OLED half (62x46 in 64x48)
#include <Arduino.h>
#include <string.h>

static const int GIS_ARROW_W = 62;
static const int GIS_ARROW_H = 46;

static const uint8_t BMP_BAD_ROAD[] PROGMEM = {
  0x00,0x00,0x00,0x00,0x00,0x00,0x00,0x00,
  0x00,0x00,0x00,0x00,0x00,0x00,0x00,0x00,
  0x00,0x00,0x00,0x00,0x00,0x00,0x00,0x00,
  0x00,0x00,0x00,0x00,0x00,0x00,0x00,0x00,
  0x00,0x00,0x00,0x00,0x00,0x00,0x00,0x00,
  0x00,0x00,0x00,0x00,0x00,0x00,0x00,0x00,
  0x00,0x00,0x00,0x00,0x00,0x00,0x00,0x00,
  0x07,0xc0,0x00,0x00,0x00,0x00,0x0f,0x00,
  0xff,0xe0,0x00,0x00,0x00,0x00,0x1f,0xf0,
  0xff,0xe0,0x00,0x00,0x00,0x00,0x3f,0xfc,
  0xff,0xf0,0x00,0x00,0x00,0x00,0x7f,0xfc,
  0xff,0xf8,0x00,0x0f,0x80,0x00,0xff,0xfc,
  0xff,0xfc,0x00,0x0f,0xc0,0x01,0xff,0xf8,
  0x7f,0xfc,0x00,0x1f,0xc0,0x01,0xff,0xf8,
  0x7f,0xfe,0x00,0x3f,0xe0,0x03,0xff,0xf8,
  0x7f,0xff,0x80,0x7f,0xf0,0x07,0xff,0xf8,
  0x7f,0xff,0xf7,0xff,0xfc,0x1f,0xff,0xf0,
  0x3f,0xff,0xff,0xff,0xff,0xff,0xff,0xf0,
  0x3f,0xff,0xff,0xff,0xff,0xff,0xff,0xf0,
  0x1f,0xff,0xff,0xff,0xff,0xff,0xff,0xe0,
  0x1f,0xff,0xff,0xff,0xff,0xff,0xff,0xe0,
  0x0f,0xff,0xff,0xff,0xff,0xff,0xff,0xc0,
  0x0f,0xff,0xff,0xff,0xff,0xff,0xff,0xc0,
  0x07,0xff,0xff,0xff,0xff,0xff,0xff,0x80,
  0x07,0xff,0xff,0xff,0xff,0xff,0xff,0x00,
  0x03,0xff,0xff,0xff,0xff,0xff,0xff,0x00,
  0x01,0xff,0xff,0xff,0xff,0xff,0xfe,0x00,
  0x00,0xff,0xff,0xff,0xff,0xff,0xfc,0x00,
  0x00,0x7f,0xff,0xff,0xff,0xff,0xf8,0x00,
  0x00,0x3f,0xff,0xff,0xff,0xff,0xf0,0x00,
  0x00,0x1f,0xff,0xff,0xff,0xff,0xe0,0x00,
  0x00,0x0f,0xff,0xff,0xff,0xff,0xc0,0x00,
  0x00,0x07,0xff,0xff,0xff,0xff,0x00,0x00,
  0x00,0x01,0xff,0xff,0xff,0xfe,0x00,0x00,
  0x00,0x00,0x7f,0xff,0xff,0xf8,0x00,0x00,
  0x00,0x00,0x1f,0xff,0xff,0xe0,0x00,0x00,
  0x00,0x00,0x03,0xff,0xff,0x00,0x00,0x00,
  0x00,0x00,0x00,0x3f,0xf0,0x00,0x00,0x00,
  0x00,0x00,0x00,0x00,0x00,0x00,0x00,0x00,
  0x00,0x00,0x00,0x00,0x00,0x00,0x00,0x00,
  0x00,0x00,0x00,0x00,0x00,0x00,0x00,0x00,
  0x00,0x00,0x00,0x00,0x00,0x00,0x00,0x00,
  0x00,0x00,0x00,0x00,0x00,0x00,0x00,0x00,
  0x00,0x00,0x00,0x00,0x00,0x00,0x00,0x00,
  0x00,0x00,0x00,0x00,0x00,0x00,0x00,0x00,
  0x00,0x00,0x00,0x00,0x00,0x00,0x00,0x00,
};

static const uint8_t BMP_BARRIER[] PROGMEM = {
  0x00,0x00,0x00,0x1f,0xc0,0x00,0x00,0x00,
  0x00,0x00,0x00,0x1f,0xc0,0x00,0x00,0x00,
  0x00,0x00,0x00,0x1f,0xc0,0x00,0x00,0x00,
  0x00,0x00,0x00,0x1f,0xc0,0x00,0x00,0x00,
  0x00,0x00,0x00,0x1f,0xc0,0x00,0x00,0x00,
  0x00,0x00,0x00,0x1f,0xc0,0x00,0x00,0x00,
  0x00,0x00,0x00,0x1f,0xc0,0x00,0x00,0x00,
  0x00,0x00,0x00,0x1f,0xc0,0x00,0x00,0x00,
  0x00,0x00,0x00,0x1f,0xc0,0x00,0x00,0x00,
  0x00,0x00,0x00,0x1f,0xc0,0x00,0x00,0x00,
  0x00,0x00,0x00,0x1f,0xc0,0x00,0x00,0x00,
  0x00,0x00,0x00,0x1f,0xc0,0x00,0x00,0x00,
  0x00,0x00,0x00,0x1f,0xc0,0x00,0x00,0x00,
  0x00,0x00,0x00,0x1f,0xc0,0x00,0x00,0x00,
  0x00,0x00,0x00,0x1f,0xc0,0x00,0x00,0x00,
  0x00,0x00,0x00,0x1f,0xc0,0x00,0x00,0x00,
  0x00,0x00,0x00,0x1f,0xc0,0x00,0x00,0x00,
  0x00,0x00,0x00,0x1f,0xc0,0x00,0x00,0x00,
  0x00,0x00,0x00,0x1f,0xc0,0x00,0x00,0x00,
  0x00,0x00,0x00,0x1f,0xc0,0x00,0x00,0x00,
  0x00,0x00,0x00,0x1f,0xc0,0x00,0x00,0x00,
  0x00,0x00,0x00,0x1f,0xc0,0x00,0x00,0x00,
  0x00,0x00,0x00,0x1f,0xc0,0x00,0x00,0x00,
  0x00,0x00,0x00,0x1f,0xc0,0x00,0x00,0x00,
  0x00,0x00,0x00,0x1f,0xc0,0x00,0x00,0x00,
  0x00,0x00,0x00,0x1f,0xc0,0x00,0x00,0x00,
  0x00,0x00,0x00,0x1f,0xc0,0x00,0x00,0x00,
  0x00,0x00,0x00,0x1f,0xc0,0x00,0x00,0x00,
  0x00,0x00,0x00,0x1f,0xc0,0x00,0x00,0x00,
  0x00,0x00,0x00,0x1f,0xc0,0x00,0x00,0x00,
  0x00,0x00,0x00,0x1f,0xc0,0x00,0x00,0x00,
  0x00,0x00,0x00,0x1f,0xc0,0x00,0x00,0x00,
  0x00,0x00,0x00,0x1f,0xc0,0x00,0x00,0x00,
  0x00,0x00,0x00,0x1f,0xc0,0x00,0x00,0x00,
  0x00,0x00,0x00,0x1f,0xc0,0x00,0x00,0x00,
  0x00,0x00,0x00,0x1f,0xc0,0x00,0x00,0x00,
  0x00,0x00,0x00,0x1f,0xc0,0x00,0x00,0x00,
  0x00,0x00,0x00,0x1f,0xc0,0x00,0x00,0x00,
  0x00,0x00,0x00,0x1f,0xc0,0x00,0x00,0x00,
  0x00,0x00,0x00,0x1f,0xc0,0x00,0x00,0x00,
  0x00,0x00,0x00,0x1f,0xc0,0x00,0x00,0x00,
  0x00,0x00,0x00,0x1f,0xc0,0x00,0x00,0x00,
  0x00,0x00,0x00,0x1f,0xc0,0x00,0x00,0x00,
  0x00,0x00,0x00,0x1f,0xc0,0x00,0x00,0x00,
  0x00,0x00,0x00,0x1f,0xc0,0x00,0x00,0x00,
  0x00,0x00,0x00,0x1f,0xc0,0x00,0x00,0x00,
};

static const uint8_t BMP_CAR_ROAD[] PROGMEM = {
  0x00,0x00,0x01,0xff,0xfc,0x00,0x00,0x00,
  0x00,0x00,0xff,0xff,0xff,0xf8,0x00,0x00,
  0x00,0x07,0xff,0xff,0xff,0xff,0x00,0x00,
  0x00,0x1f,0xff,0xff,0xff,0xff,0xc0,0x00,
  0x00,0x3f,0xff,0xff,0xff,0xff,0xe0,0x00,
  0x00,0x3f,0xff,0xff,0xff,0xff,0xe0,0x00,
  0x00,0x3f,0xff,0xc0,0x1f,0xff,0xe0,0x00,
  0x00,0x7f,0xe0,0x00,0x00,0x3f,0xf0,0x00,
  0x00,0x7f,0x00,0x00,0x00,0x07,0xf0,0x00,
  0x00,0x7f,0x00,0x00,0x00,0x03,0xf0,0x00,
  0x00,0xfe,0x00,0x00,0x00,0x03,0xf8,0x00,
  0x00,0xfe,0x00,0x00,0x00,0x03,0xf8,0x00,
  0x00,0xfe,0x00,0x00,0x00,0x03,0xfc,0x00,
  0x01,0xfe,0x00,0x00,0x00,0x03,0xfc,0x00,
  0x01,0xfc,0x00,0x00,0x00,0x01,0xfc,0x00,
  0x01,0xfc,0x00,0x00,0x00,0x01,0xfc,0x00,
  0x03,0xfc,0x00,0x00,0x00,0x01,0xfe,0x00,
  0x7f,0xfc,0x00,0x00,0x00,0x00,0xff,0xf0,
  0x7f,0xf8,0x00,0x00,0x00,0x00,0xff,0xf0,
  0x7f,0xf8,0x00,0x00,0x00,0x00,0xff,0xf0,
  0x7f,0xf8,0x00,0x00,0x00,0x00,0xff,0xf0,
  0x7f,0xf8,0x00,0x00,0x00,0x00,0xff,0xf0,
  0x7f,0xff,0xff,0xff,0xff,0xff,0xff,0xf0,
  0x3f,0xff,0xff,0xff,0xff,0xff,0xff,0xe0,
  0x1f,0xff,0xff,0xff,0xff,0xff,0xff,0xc0,
  0x07,0xff,0xff,0xff,0xff,0xff,0xff,0x00,
  0x03,0xff,0xff,0xff,0xff,0xff,0xfe,0x00,
  0x03,0xff,0xff,0xff,0xff,0xff,0xfe,0x00,
  0x03,0xff,0xff,0xff,0xff,0xff,0xfe,0x00,
  0x03,0xf0,0x7f,0xff,0xff,0xf0,0x7e,0x00,
  0x03,0xe0,0x7f,0xff,0xff,0xf0,0x3e,0x00,
  0x03,0xe0,0x3f,0xff,0xff,0xe0,0x3e,0x00,
  0x03,0xe0,0x3f,0xff,0xff,0xe0,0x3e,0x00,
  0x03,0xe0,0x3f,0xff,0xff,0xe0,0x3e,0x00,
  0x03,0xf0,0x7f,0xff,0xff,0xf0,0x3e,0x00,
  0x03,0xf0,0x7f,0xff,0xff,0xf0,0x7e,0x00,
  0x03,0xff,0xff,0xff,0xff,0xff,0xfe,0x00,
  0x03,0xff,0xff,0xff,0xff,0xff,0xfe,0x00,
  0x03,0xff,0xff,0xff,0xff,0xff,0xfe,0x00,
  0x03,0xff,0xff,0xff,0xff,0xff,0xfe,0x00,
  0x03,0xff,0xff,0xff,0xff,0xff,0xfe,0x00,
  0x03,0xff,0x00,0x00,0x00,0x07,0xfe,0x00,
  0x03,0xfe,0x00,0x00,0x00,0x03,0xfe,0x00,
  0x03,0xfe,0x00,0x00,0x00,0x03,0xfe,0x00,
  0x03,0xfe,0x00,0x00,0x00,0x03,0xfe,0x00,
  0x03,0xfc,0x00,0x00,0x00,0x01,0xfe,0x00,
};

static const uint8_t BMP_CROSSROAD_KEEP_LEFT[] PROGMEM = {
  0x00,0x00,0x08,0x00,0x00,0x00,0x00,0x00,
  0x00,0x00,0x0f,0x80,0x00,0x00,0x00,0x00,
  0x00,0x00,0x0f,0xe0,0x00,0x00,0x00,0x00,
  0x00,0x00,0x0f,0xfc,0x00,0x00,0x00,0x00,
  0x00,0x00,0x0f,0xff,0x00,0x00,0x00,0x00,
  0x00,0x00,0x0f,0xff,0xe0,0x00,0x00,0x00,
  0x00,0x00,0x0f,0xff,0xf8,0x00,0x00,0x00,
  0x00,0x00,0x0f,0xff,0xfc,0x00,0x00,0x00,
  0x00,0x00,0x0f,0xff,0xf8,0x00,0x00,0x00,
  0x00,0x00,0x0f,0xff,0xe0,0x00,0x00,0x00,
  0x00,0x00,0x0f,0xff,0x80,0x00,0x00,0x00,
  0x00,0x00,0x0f,0xff,0x80,0x00,0x00,0x00,
  0x00,0x00,0x0f,0xff,0x80,0x00,0x00,0x00,
  0x00,0x00,0x0f,0xff,0xc0,0x00,0x00,0x00,
  0x00,0x00,0x0f,0xff,0xe0,0x00,0x00,0x00,
  0x00,0x00,0x0f,0xdf,0xf0,0x00,0x00,0x00,
  0x00,0x00,0x0f,0x8f,0xf0,0x00,0x00,0x00,
  0x00,0x00,0x0f,0x0f,0xf8,0x00,0x00,0x00,
  0x00,0x00,0x0e,0x07,0xfc,0x00,0x00,0x00,
  0x00,0x00,0x0c,0x03,0xfc,0x00,0x00,0x00,
  0x00,0x00,0x00,0x03,0xfe,0x00,0x00,0x00,
  0x00,0x00,0x00,0x01,0xfe,0x00,0x00,0x00,
  0x00,0x00,0x00,0x00,0xff,0x00,0x00,0x00,
  0x00,0x00,0x00,0x00,0xff,0x00,0x00,0x00,
  0x00,0x00,0x00,0x00,0x7f,0x80,0x00,0x00,
  0x00,0x00,0x00,0x00,0x3f,0x80,0x00,0x00,
  0x00,0x00,0x00,0x00,0x3f,0xc0,0x00,0x00,
  0x00,0x00,0x00,0x00,0x3f,0xc0,0x00,0x00,
  0x00,0x00,0x00,0x00,0x1f,0xc0,0x00,0x00,
  0x00,0x00,0x00,0x00,0x1f,0xc0,0x00,0x00,
  0x00,0x00,0x00,0x00,0x1f,0xc0,0x00,0x00,
  0x00,0x00,0x00,0x00,0x1f,0xc0,0x00,0x00,
  0x00,0x00,0x00,0x00,0x1f,0xc0,0x00,0x00,
  0x00,0x00,0x00,0x00,0x1f,0xc0,0x00,0x00,
  0x00,0x00,0x00,0x00,0x1f,0xc0,0x00,0x00,
  0x00,0x00,0x00,0x00,0x1f,0xc0,0x00,0x00,
  0x00,0x00,0x00,0x00,0x1f,0xc0,0x00,0x00,
  0x00,0x00,0x00,0x00,0x1f,0xc0,0x00,0x00,
  0x00,0x00,0x00,0x00,0x1f,0xc0,0x00,0x00,
  0x00,0x00,0x00,0x00,0x1f,0xc0,0x00,0x00,
  0x00,0x00,0x00,0x00,0x1f,0xc0,0x00,0x00,
  0x00,0x00,0x00,0x00,0x1f,0xc0,0x00,0x00,
  0x00,0x00,0x00,0x00,0x1f,0xc0,0x00,0x00,
  0x00,0x00,0x00,0x00,0x1f,0xc0,0x00,0x00,
  0x00,0x00,0x00,0x00,0x1f,0xc0,0x00,0x00,
  0x00,0x00,0x00,0x00,0x1f,0xc0,0x00,0x00,
};

static const uint8_t BMP_CROSSROAD_KEEP_RIGHT[] PROGMEM = {
  0x00,0x00,0x00,0x00,0x00,0xc0,0x00,0x00,
  0x00,0x00,0x00,0x00,0x03,0xc0,0x00,0x00,
  0x00,0x00,0x00,0x00,0x1f,0xc0,0x00,0x00,
  0x00,0x00,0x00,0x00,0xff,0xc0,0x00,0x00,
  0x00,0x00,0x00,0x03,0xff,0xc0,0x00,0x00,
  0x00,0x00,0x00,0x1f,0xff,0xc0,0x00,0x00,
  0x00,0x00,0x00,0xff,0xff,0xc0,0x00,0x00,
  0x00,0x00,0x01,0xff,0xff,0xc0,0x00,0x00,
  0x00,0x00,0x00,0x7f,0xff,0xc0,0x00,0x00,
  0x00,0x00,0x00,0x1f,0xff,0xc0,0x00,0x00,
  0x00,0x00,0x00,0x07,0xff,0xc0,0x00,0x00,
  0x00,0x00,0x00,0x07,0xff,0xc0,0x00,0x00,
  0x00,0x00,0x00,0x07,0xff,0xc0,0x00,0x00,
  0x00,0x00,0x00,0x0f,0xff,0xc0,0x00,0x00,
  0x00,0x00,0x00,0x1f,0xff,0xc0,0x00,0x00,
  0x00,0x00,0x00,0x3f,0xef,0xc0,0x00,0x00,
  0x00,0x00,0x00,0x3f,0xe7,0xc0,0x00,0x00,
  0x00,0x00,0x00,0x7f,0xc3,0xc0,0x00,0x00,
  0x00,0x00,0x00,0xff,0x81,0xc0,0x00,0x00,
  0x00,0x00,0x00,0xff,0x00,0xc0,0x00,0x00,
  0x00,0x00,0x01,0xff,0x00,0x00,0x00,0x00,
  0x00,0x00,0x03,0xfe,0x00,0x00,0x00,0x00,
  0x00,0x00,0x03,0xfc,0x00,0x00,0x00,0x00,
  0x00,0x00,0x07,0xfc,0x00,0x00,0x00,0x00,
  0x00,0x00,0x07,0xf8,0x00,0x00,0x00,0x00,
  0x00,0x00,0x07,0xf8,0x00,0x00,0x00,0x00,
  0x00,0x00,0x0f,0xf0,0x00,0x00,0x00,0x00,
  0x00,0x00,0x0f,0xe0,0x00,0x00,0x00,0x00,
  0x00,0x00,0x0f,0xe0,0x00,0x00,0x00,0x00,
  0x00,0x00,0x0f,0xe0,0x00,0x00,0x00,0x00,
  0x00,0x00,0x0f,0xe0,0x00,0x00,0x00,0x00,
  0x00,0x00,0x0f,0xe0,0x00,0x00,0x00,0x00,
  0x00,0x00,0x0f,0xe0,0x00,0x00,0x00,0x00,
  0x00,0x00,0x0f,0xe0,0x00,0x00,0x00,0x00,
  0x00,0x00,0x0f,0xe0,0x00,0x00,0x00,0x00,
  0x00,0x00,0x0f,0xe0,0x00,0x00,0x00,0x00,
  0x00,0x00,0x0f,0xe0,0x00,0x00,0x00,0x00,
  0x00,0x00,0x0f,0xe0,0x00,0x00,0x00,0x00,
  0x00,0x00,0x0f,0xe0,0x00,0x00,0x00,0x00,
  0x00,0x00,0x0f,0xe0,0x00,0x00,0x00,0x00,
  0x00,0x00,0x0f,0xe0,0x00,0x00,0x00,0x00,
  0x00,0x00,0x0f,0xe0,0x00,0x00,0x00,0x00,
  0x00,0x00,0x0f,0xe0,0x00,0x00,0x00,0x00,
  0x00,0x00,0x0f,0xe0,0x00,0x00,0x00,0x00,
  0x00,0x00,0x0f,0xe0,0x00,0x00,0x00,0x00,
  0x00,0x00,0x0f,0xe0,0x00,0x00,0x00,0x00,
};

static const uint8_t BMP_CROSSROAD_LEFT[] PROGMEM = {
  0x00,0x00,0x00,0x20,0x00,0x00,0x00,0x00,
  0x00,0x00,0x00,0x60,0x00,0x00,0x00,0x00,
  0x00,0x00,0x01,0xe0,0x00,0x00,0x00,0x00,
  0x00,0x00,0x03,0xe0,0x00,0x00,0x00,0x00,
  0x00,0x00,0x07,0xe0,0x00,0x00,0x00,0x00,
  0x00,0x00,0x1f,0xe0,0x00,0x00,0x00,0x00,
  0x00,0x00,0x7f,0xe0,0x00,0x00,0x00,0x00,
  0x00,0x00,0xff,0xe0,0x00,0x00,0x00,0x00,
  0x00,0x01,0xff,0xe0,0x00,0x00,0x00,0x00,
  0x00,0x07,0xff,0xff,0xff,0xfc,0x00,0x00,
  0x00,0x0f,0xff,0xff,0xff,0xff,0x00,0x00,
  0x00,0x3f,0xff,0xff,0xff,0xff,0x80,0x00,
  0x00,0x7f,0xff,0xff,0xff,0xff,0xc0,0x00,
  0x00,0x3f,0xff,0xff,0xff,0xff,0xe0,0x00,
  0x00,0x0f,0xff,0xff,0xff,0xff,0xe0,0x00,
  0x00,0x03,0xff,0xff,0xff,0xff,0xf0,0x00,
  0x00,0x01,0xff,0xe0,0x00,0x1f,0xf0,0x00,
  0x00,0x00,0xff,0xe0,0x00,0x0f,0xf8,0x00,
  0x00,0x00,0x3f,0xe0,0x00,0x07,0xf8,0x00,
  0x00,0x00,0x1f,0xe0,0x00,0x07,0xf8,0x00,
  0x00,0x00,0x07,0xe0,0x00,0x07,0xf8,0x00,
  0x00,0x00,0x03,0xe0,0x00,0x07,0xf8,0x00,
  0x00,0x00,0x00,0xe0,0x00,0x07,0xf8,0x00,
  0x00,0x00,0x00,0x60,0x00,0x07,0xf8,0x00,
  0x00,0x00,0x00,0x20,0x00,0x07,0xf8,0x00,
  0x00,0x00,0x00,0x00,0x00,0x07,0xf8,0x00,
  0x00,0x00,0x00,0x00,0x00,0x07,0xf8,0x00,
  0x00,0x00,0x00,0x00,0x00,0x07,0xf8,0x00,
  0x00,0x00,0x00,0x00,0x00,0x07,0xf8,0x00,
  0x00,0x00,0x00,0x00,0x00,0x07,0xf8,0x00,
  0x00,0x00,0x00,0x00,0x00,0x07,0xf8,0x00,
  0x00,0x00,0x00,0x00,0x00,0x07,0xf8,0x00,
  0x00,0x00,0x00,0x00,0x00,0x07,0xf8,0x00,
  0x00,0x00,0x00,0x00,0x00,0x07,0xf8,0x00,
  0x00,0x00,0x00,0x00,0x00,0x07,0xf8,0x00,
  0x00,0x00,0x00,0x00,0x00,0x07,0xf8,0x00,
  0x00,0x00,0x00,0x00,0x00,0x07,0xf8,0x00,
  0x00,0x00,0x00,0x00,0x00,0x07,0xf8,0x00,
  0x00,0x00,0x00,0x00,0x00,0x07,0xf8,0x00,
  0x00,0x00,0x00,0x00,0x00,0x07,0xf8,0x00,
  0x00,0x00,0x00,0x00,0x00,0x07,0xf8,0x00,
  0x00,0x00,0x00,0x00,0x00,0x07,0xf8,0x00,
  0x00,0x00,0x00,0x00,0x00,0x07,0xf8,0x00,
  0x00,0x00,0x00,0x00,0x00,0x07,0xf8,0x00,
  0x00,0x00,0x00,0x00,0x00,0x07,0xf8,0x00,
  0x00,0x00,0x00,0x00,0x00,0x07,0xf8,0x00,
};

static const uint8_t BMP_CROSSROAD_RIGHT[] PROGMEM = {
  0x00,0x00,0x00,0x00,0x20,0x00,0x00,0x00,
  0x00,0x00,0x00,0x00,0x30,0x00,0x00,0x00,
  0x00,0x00,0x00,0x00,0x3c,0x00,0x00,0x00,
  0x00,0x00,0x00,0x00,0x3e,0x00,0x00,0x00,
  0x00,0x00,0x00,0x00,0x3f,0x80,0x00,0x00,
  0x00,0x00,0x00,0x00,0x3f,0xc0,0x00,0x00,
  0x00,0x00,0x00,0x00,0x1f,0xf0,0x00,0x00,
  0x00,0x00,0x00,0x00,0x1f,0xf8,0x00,0x00,
  0x00,0x00,0x00,0x00,0x1f,0xfe,0x00,0x00,
  0x00,0x00,0xff,0xff,0xff,0xff,0x00,0x00,
  0x00,0x03,0xff,0xff,0xff,0xff,0x80,0x00,
  0x00,0x07,0xff,0xff,0xff,0xff,0xe0,0x00,
  0x00,0x0f,0xff,0xff,0xff,0xff,0xf0,0x00,
  0x00,0x1f,0xff,0xff,0xff,0xff,0xe0,0x00,
  0x00,0x3f,0xff,0xff,0xff,0xff,0x80,0x00,
  0x00,0x3f,0xff,0xff,0xff,0xff,0x00,0x00,
  0x00,0x3f,0xf0,0x00,0x1f,0xfc,0x00,0x00,
  0x00,0x7f,0x80,0x00,0x1f,0xf8,0x00,0x00,
  0x00,0x7f,0x00,0x00,0x1f,0xe0,0x00,0x00,
  0x00,0x7f,0x00,0x00,0x3f,0xc0,0x00,0x00,
  0x00,0x7f,0x00,0x00,0x3f,0x80,0x00,0x00,
  0x00,0x7f,0x00,0x00,0x3e,0x00,0x00,0x00,
  0x00,0x7f,0x00,0x00,0x3c,0x00,0x00,0x00,
  0x00,0x7f,0x00,0x00,0x30,0x00,0x00,0x00,
  0x00,0x7f,0x00,0x00,0x20,0x00,0x00,0x00,
  0x00,0x7f,0x00,0x00,0x00,0x00,0x00,0x00,
  0x00,0x7f,0x00,0x00,0x00,0x00,0x00,0x00,
  0x00,0x7f,0x00,0x00,0x00,0x00,0x00,0x00,
  0x00,0x7f,0x00,0x00,0x00,0x00,0x00,0x00,
  0x00,0x7f,0x00,0x00,0x00,0x00,0x00,0x00,
  0x00,0x7f,0x00,0x00,0x00,0x00,0x00,0x00,
  0x00,0x7f,0x00,0x00,0x00,0x00,0x00,0x00,
  0x00,0x7f,0x00,0x00,0x00,0x00,0x00,0x00,
  0x00,0x7f,0x00,0x00,0x00,0x00,0x00,0x00,
  0x00,0x7f,0x00,0x00,0x00,0x00,0x00,0x00,
  0x00,0x7f,0x00,0x00,0x00,0x00,0x00,0x00,
  0x00,0x7f,0x00,0x00,0x00,0x00,0x00,0x00,
  0x00,0x7f,0x00,0x00,0x00,0x00,0x00,0x00,
  0x00,0x7f,0x00,0x00,0x00,0x00,0x00,0x00,
  0x00,0x7f,0x00,0x00,0x00,0x00,0x00,0x00,
  0x00,0x7f,0x00,0x00,0x00,0x00,0x00,0x00,
  0x00,0x7f,0x00,0x00,0x00,0x00,0x00,0x00,
  0x00,0x7f,0x00,0x00,0x00,0x00,0x00,0x00,
  0x00,0x7f,0x00,0x00,0x00,0x00,0x00,0x00,
  0x00,0x7f,0x00,0x00,0x00,0x00,0x00,0x00,
  0x00,0x7f,0x00,0x00,0x00,0x00,0x00,0x00,
};

static const uint8_t BMP_CROSSROAD_SHARPLY_LEFT[] PROGMEM = {
  0x00,0x00,0x00,0x00,0x0f,0xe0,0x00,0x00,
  0x00,0x00,0x00,0x00,0x3f,0xf8,0x00,0x00,
  0x00,0x00,0x00,0x00,0x7f,0xfe,0x00,0x00,
  0x00,0x00,0x00,0x00,0xff,0xff,0x00,0x00,
  0x00,0x00,0x00,0x01,0xff,0xff,0x80,0x00,
  0x00,0x00,0x00,0x03,0xff,0xff,0x80,0x00,
  0x00,0x00,0x00,0x07,0xff,0xff,0xc0,0x00,
  0x00,0x00,0x00,0x0f,0xff,0xff,0xc0,0x00,
  0x00,0x00,0x00,0x0f,0xfe,0x7f,0xe0,0x00,
  0x00,0x00,0x00,0x1f,0xfc,0x3f,0xe0,0x00,
  0x00,0x00,0x00,0x3f,0xf8,0x1f,0xe0,0x00,
  0x00,0x04,0x00,0x7f,0xf0,0x1f,0xe0,0x00,
  0x00,0x06,0x00,0xff,0xe0,0x1f,0xe0,0x00,
  0x00,0x07,0x01,0xff,0xc0,0x1f,0xe0,0x00,
  0x00,0x07,0x83,0xff,0x80,0x1f,0xe0,0x00,
  0x00,0x07,0xc3,0xff,0x80,0x1f,0xe0,0x00,
  0x00,0x07,0xe7,0xff,0x00,0x1f,0xe0,0x00,
  0x00,0x07,0xff,0xfe,0x00,0x1f,0xe0,0x00,
  0x00,0x07,0xff,0xfc,0x00,0x1f,0xe0,0x00,
  0x00,0x0f,0xff,0xf8,0x00,0x1f,0xe0,0x00,
  0x00,0x0f,0xff,0xf0,0x00,0x1f,0xe0,0x00,
  0x00,0x0f,0xff,0xf0,0x00,0x1f,0xe0,0x00,
  0x00,0x0f,0xff,0xe0,0x00,0x1f,0xe0,0x00,
  0x00,0x0f,0xff,0xe0,0x00,0x1f,0xe0,0x00,
  0x00,0x0f,0xff,0xf0,0x00,0x1f,0xe0,0x00,
  0x00,0x0f,0xff,0xfc,0x00,0x1f,0xe0,0x00,
  0x00,0x0f,0xff,0xfe,0x00,0x1f,0xe0,0x00,
  0x00,0x0f,0xff,0xff,0x80,0x1f,0xe0,0x00,
  0x00,0x0f,0xff,0xff,0xc0,0x1f,0xe0,0x00,
  0x00,0x1f,0xff,0xfc,0x00,0x1f,0xe0,0x00,
  0x00,0x1f,0xff,0xe0,0x00,0x1f,0xe0,0x00,
  0x00,0x1f,0xff,0x00,0x00,0x1f,0xe0,0x00,
  0x00,0x1f,0xf0,0x00,0x00,0x1f,0xe0,0x00,
  0x00,0x1f,0x80,0x00,0x00,0x1f,0xe0,0x00,
  0x00,0x18,0x00,0x00,0x00,0x1f,0xe0,0x00,
  0x00,0x00,0x00,0x00,0x00,0x1f,0xe0,0x00,
  0x00,0x00,0x00,0x00,0x00,0x1f,0xe0,0x00,
  0x00,0x00,0x00,0x00,0x00,0x1f,0xe0,0x00,
  0x00,0x00,0x00,0x00,0x00,0x1f,0xe0,0x00,
  0x00,0x00,0x00,0x00,0x00,0x1f,0xe0,0x00,
  0x00,0x00,0x00,0x00,0x00,0x1f,0xe0,0x00,
  0x00,0x00,0x00,0x00,0x00,0x1f,0xe0,0x00,
  0x00,0x00,0x00,0x00,0x00,0x1f,0xe0,0x00,
  0x00,0x00,0x00,0x00,0x00,0x1f,0xe0,0x00,
  0x00,0x00,0x00,0x00,0x00,0x1f,0xe0,0x00,
  0x00,0x00,0x00,0x00,0x00,0x1f,0xe0,0x00,
};

static const uint8_t BMP_CROSSROAD_SHARPLY_RIGHT[] PROGMEM = {
  0x00,0x00,0x1f,0x80,0x00,0x00,0x00,0x00,
  0x00,0x00,0x7f,0xf0,0x00,0x00,0x00,0x00,
  0x00,0x01,0xff,0xf8,0x00,0x00,0x00,0x00,
  0x00,0x03,0xff,0xfc,0x00,0x00,0x00,0x00,
  0x00,0x07,0xff,0xfe,0x00,0x00,0x00,0x00,
  0x00,0x07,0xff,0xff,0x00,0x00,0x00,0x00,
  0x00,0x0f,0xff,0xff,0x80,0x00,0x00,0x00,
  0x00,0x0f,0xff,0xff,0x80,0x00,0x00,0x00,
  0x00,0x1f,0xf9,0xff,0xc0,0x00,0x00,0x00,
  0x00,0x1f,0xf0,0xff,0xe0,0x00,0x00,0x00,
  0x00,0x1f,0xe0,0x7f,0xf0,0x00,0x00,0x00,
  0x00,0x1f,0xe0,0x3f,0xf8,0x00,0x80,0x00,
  0x00,0x1f,0xe0,0x1f,0xfc,0x01,0x80,0x00,
  0x00,0x1f,0xe0,0x0f,0xfc,0x03,0x80,0x00,
  0x00,0x1f,0xe0,0x0f,0xfe,0x07,0x80,0x00,
  0x00,0x1f,0xe0,0x07,0xff,0x0f,0x80,0x00,
  0x00,0x1f,0xe0,0x03,0xff,0x9f,0x80,0x00,
  0x00,0x1f,0xe0,0x01,0xff,0xff,0x80,0x00,
  0x00,0x1f,0xe0,0x00,0xff,0xff,0x80,0x00,
  0x00,0x1f,0xe0,0x00,0x7f,0xff,0x80,0x00,
  0x00,0x1f,0xe0,0x00,0x3f,0xff,0xc0,0x00,
  0x00,0x1f,0xe0,0x00,0x3f,0xff,0xc0,0x00,
  0x00,0x1f,0xe0,0x00,0x1f,0xff,0xc0,0x00,
  0x00,0x1f,0xe0,0x00,0x1f,0xff,0xc0,0x00,
  0x00,0x1f,0xe0,0x00,0x3f,0xff,0xc0,0x00,
  0x00,0x1f,0xe0,0x00,0xff,0xff,0xc0,0x00,
  0x00,0x1f,0xe0,0x01,0xff,0xff,0xc0,0x00,
  0x00,0x1f,0xe0,0x07,0xff,0xff,0xc0,0x00,
  0x00,0x1f,0xe0,0x0f,0xff,0xff,0xc0,0x00,
  0x00,0x1f,0xe0,0x01,0xff,0xff,0xe0,0x00,
  0x00,0x1f,0xe0,0x00,0x3f,0xff,0xe0,0x00,
  0x00,0x1f,0xe0,0x00,0x03,0xff,0xe0,0x00,
  0x00,0x1f,0xe0,0x00,0x00,0x3f,0xe0,0x00,
  0x00,0x1f,0xe0,0x00,0x00,0x07,0xe0,0x00,
  0x00,0x1f,0xe0,0x00,0x00,0x00,0xe0,0x00,
  0x00,0x1f,0xe0,0x00,0x00,0x00,0x00,0x00,
  0x00,0x1f,0xe0,0x00,0x00,0x00,0x00,0x00,
  0x00,0x1f,0xe0,0x00,0x00,0x00,0x00,0x00,
  0x00,0x1f,0xe0,0x00,0x00,0x00,0x00,0x00,
  0x00,0x1f,0xe0,0x00,0x00,0x00,0x00,0x00,
  0x00,0x1f,0xe0,0x00,0x00,0x00,0x00,0x00,
  0x00,0x1f,0xe0,0x00,0x00,0x00,0x00,0x00,
  0x00,0x1f,0xe0,0x00,0x00,0x00,0x00,0x00,
  0x00,0x1f,0xe0,0x00,0x00,0x00,0x00,0x00,
  0x00,0x1f,0xe0,0x00,0x00,0x00,0x00,0x00,
  0x00,0x1f,0xe0,0x00,0x00,0x00,0x00,0x00,
};

static const uint8_t BMP_CROSSROAD_SLIGHTLY_LEFT[] PROGMEM = {
  0x00,0x00,0x70,0x00,0x00,0x00,0x00,0x00,
  0x00,0x00,0x7f,0x80,0x00,0x00,0x00,0x00,
  0x00,0x00,0x3f,0xfe,0x00,0x00,0x00,0x00,
  0x00,0x00,0x3f,0xff,0xf0,0x00,0x00,0x00,
  0x00,0x00,0x3f,0xff,0xe0,0x00,0x00,0x00,
  0x00,0x00,0x3f,0xff,0xc0,0x00,0x00,0x00,
  0x00,0x00,0x3f,0xff,0x80,0x00,0x00,0x00,
  0x00,0x00,0x3f,0xff,0x00,0x00,0x00,0x00,
  0x00,0x00,0x1f,0xfc,0x00,0x00,0x00,0x00,
  0x00,0x00,0x1f,0xfe,0x00,0x00,0x00,0x00,
  0x00,0x00,0x1f,0xff,0x00,0x00,0x00,0x00,
  0x00,0x00,0x1f,0xff,0xc0,0x00,0x00,0x00,
  0x00,0x00,0x1f,0xff,0xc0,0x00,0x00,0x00,
  0x00,0x00,0x0f,0xbf,0xe0,0x00,0x00,0x00,
  0x00,0x00,0x0f,0x9f,0xf8,0x00,0x00,0x00,
  0x00,0x00,0x0f,0x0f,0xf8,0x00,0x00,0x00,
  0x00,0x00,0x0e,0x07,0xfc,0x00,0x00,0x00,
  0x00,0x00,0x0c,0x03,0xff,0x00,0x00,0x00,
  0x00,0x00,0x04,0x01,0xff,0x00,0x00,0x00,
  0x00,0x00,0x00,0x00,0xff,0x80,0x00,0x00,
  0x00,0x00,0x00,0x00,0x7f,0xc0,0x00,0x00,
  0x00,0x00,0x00,0x00,0x3f,0xe0,0x00,0x00,
  0x00,0x00,0x00,0x00,0x1f,0xe0,0x00,0x00,
  0x00,0x00,0x00,0x00,0x0f,0xe0,0x00,0x00,
  0x00,0x00,0x00,0x00,0x07,0xf0,0x00,0x00,
  0x00,0x00,0x00,0x00,0x07,0xf0,0x00,0x00,
  0x00,0x00,0x00,0x00,0x07,0xf0,0x00,0x00,
  0x00,0x00,0x00,0x00,0x07,0xf0,0x00,0x00,
  0x00,0x00,0x00,0x00,0x07,0xf0,0x00,0x00,
  0x00,0x00,0x00,0x00,0x07,0xf0,0x00,0x00,
  0x00,0x00,0x00,0x00,0x07,0xf0,0x00,0x00,
  0x00,0x00,0x00,0x00,0x07,0xf0,0x00,0x00,
  0x00,0x00,0x00,0x00,0x07,0xf0,0x00,0x00,
  0x00,0x00,0x00,0x00,0x07,0xf0,0x00,0x00,
  0x00,0x00,0x00,0x00,0x07,0xf0,0x00,0x00,
  0x00,0x00,0x00,0x00,0x07,0xf0,0x00,0x00,
  0x00,0x00,0x00,0x00,0x07,0xf0,0x00,0x00,
  0x00,0x00,0x00,0x00,0x07,0xf0,0x00,0x00,
  0x00,0x00,0x00,0x00,0x07,0xf0,0x00,0x00,
  0x00,0x00,0x00,0x00,0x07,0xf0,0x00,0x00,
  0x00,0x00,0x00,0x00,0x07,0xf0,0x00,0x00,
  0x00,0x00,0x00,0x00,0x07,0xf0,0x00,0x00,
  0x00,0x00,0x00,0x00,0x07,0xf0,0x00,0x00,
  0x00,0x00,0x00,0x00,0x07,0xf0,0x00,0x00,
  0x00,0x00,0x00,0x00,0x07,0xf0,0x00,0x00,
  0x00,0x00,0x00,0x00,0x07,0xf0,0x00,0x00,
};

static const uint8_t BMP_CROSSROAD_SLIGHTLY_RIGHT[] PROGMEM = {
  0x00,0x00,0x00,0x00,0x00,0x70,0x00,0x00,
  0x00,0x00,0x00,0x00,0x1f,0xf0,0x00,0x00,
  0x00,0x00,0x00,0x03,0xff,0xf0,0x00,0x00,
  0x00,0x00,0x00,0x7f,0xff,0xe0,0x00,0x00,
  0x00,0x00,0x00,0x3f,0xff,0xe0,0x00,0x00,
  0x00,0x00,0x00,0x1f,0xff,0xe0,0x00,0x00,
  0x00,0x00,0x00,0x0f,0xff,0xe0,0x00,0x00,
  0x00,0x00,0x00,0x07,0xff,0xe0,0x00,0x00,
  0x00,0x00,0x00,0x03,0xff,0xc0,0x00,0x00,
  0x00,0x00,0x00,0x03,0xff,0xc0,0x00,0x00,
  0x00,0x00,0x00,0x07,0xff,0xc0,0x00,0x00,
  0x00,0x00,0x00,0x0f,0xff,0xc0,0x00,0x00,
  0x00,0x00,0x00,0x1f,0xff,0xc0,0x00,0x00,
  0x00,0x00,0x00,0x3f,0xef,0x80,0x00,0x00,
  0x00,0x00,0x00,0x7f,0xcf,0x80,0x00,0x00,
  0x00,0x00,0x00,0xff,0x87,0x80,0x00,0x00,
  0x00,0x00,0x01,0xff,0x03,0x80,0x00,0x00,
  0x00,0x00,0x03,0xfe,0x01,0x80,0x00,0x00,
  0x00,0x00,0x07,0xfc,0x00,0x00,0x00,0x00,
  0x00,0x00,0x0f,0xf8,0x00,0x00,0x00,0x00,
  0x00,0x00,0x1f,0xf0,0x00,0x00,0x00,0x00,
  0x00,0x00,0x3f,0xe0,0x00,0x00,0x00,0x00,
  0x00,0x00,0x3f,0xc0,0x00,0x00,0x00,0x00,
  0x00,0x00,0x3f,0x80,0x00,0x00,0x00,0x00,
  0x00,0x00,0x7f,0x00,0x00,0x00,0x00,0x00,
  0x00,0x00,0x7f,0x00,0x00,0x00,0x00,0x00,
  0x00,0x00,0x7f,0x00,0x00,0x00,0x00,0x00,
  0x00,0x00,0x7f,0x00,0x00,0x00,0x00,0x00,
  0x00,0x00,0x7f,0x00,0x00,0x00,0x00,0x00,
  0x00,0x00,0x7f,0x00,0x00,0x00,0x00,0x00,
  0x00,0x00,0x7f,0x00,0x00,0x00,0x00,0x00,
  0x00,0x00,0x7f,0x00,0x00,0x00,0x00,0x00,
  0x00,0x00,0x7f,0x00,0x00,0x00,0x00,0x00,
  0x00,0x00,0x7f,0x00,0x00,0x00,0x00,0x00,
  0x00,0x00,0x7f,0x00,0x00,0x00,0x00,0x00,
  0x00,0x00,0x7f,0x00,0x00,0x00,0x00,0x00,
  0x00,0x00,0x7f,0x00,0x00,0x00,0x00,0x00,
  0x00,0x00,0x7f,0x00,0x00,0x00,0x00,0x00,
  0x00,0x00,0x7f,0x00,0x00,0x00,0x00,0x00,
  0x00,0x00,0x7f,0x00,0x00,0x00,0x00,0x00,
  0x00,0x00,0x7f,0x00,0x00,0x00,0x00,0x00,
  0x00,0x00,0x7f,0x00,0x00,0x00,0x00,0x00,
  0x00,0x00,0x7f,0x00,0x00,0x00,0x00,0x00,
  0x00,0x00,0x7f,0x00,0x00,0x00,0x00,0x00,
  0x00,0x00,0x7f,0x00,0x00,0x00,0x00,0x00,
  0x00,0x00,0x7f,0x00,0x00,0x00,0x00,0x00,
};

static const uint8_t BMP_CROSSROAD_STRAIGHT[] PROGMEM = {
  0x00,0x00,0x00,0x01,0x00,0x00,0x00,0x00,
  0x00,0x00,0x00,0x03,0x00,0x00,0x00,0x00,
  0x00,0x00,0x00,0x07,0x80,0x00,0x00,0x00,
  0x00,0x00,0x00,0x07,0xc0,0x00,0x00,0x00,
  0x00,0x00,0x00,0x0f,0xc0,0x00,0x00,0x00,
  0x00,0x00,0x00,0x1f,0xe0,0x00,0x00,0x00,
  0x00,0x00,0x00,0x1f,0xf0,0x00,0x00,0x00,
  0x00,0x00,0x00,0x3f,0xf0,0x00,0x00,0x00,
  0x00,0x00,0x00,0x7f,0xf8,0x00,0x00,0x00,
  0x00,0x00,0x00,0x7f,0xfc,0x00,0x00,0x00,
  0x00,0x00,0x00,0xff,0xfc,0x00,0x00,0x00,
  0x00,0x00,0x01,0xff,0xfe,0x00,0x00,0x00,
  0x00,0x00,0x03,0xff,0xff,0x00,0x00,0x00,
  0x00,0x00,0x03,0xff,0xff,0x00,0x00,0x00,
  0x00,0x00,0x07,0xff,0xff,0x80,0x00,0x00,
  0x00,0x00,0x07,0xff,0xff,0xc0,0x00,0x00,
  0x00,0x00,0x00,0x0f,0xc0,0x00,0x00,0x00,
  0x00,0x00,0x00,0x0f,0xc0,0x00,0x00,0x00,
  0x00,0x00,0x00,0x0f,0xc0,0x00,0x00,0x00,
  0x00,0x00,0x00,0x0f,0xc0,0x00,0x00,0x00,
  0x00,0x00,0x00,0x0f,0xc0,0x00,0x00,0x00,
  0x00,0x00,0x00,0x0f,0xc0,0x00,0x00,0x00,
  0x00,0x00,0x00,0x0f,0xc0,0x00,0x00,0x00,
  0x00,0x00,0x00,0x0f,0xc0,0x00,0x00,0x00,
  0x00,0x00,0x00,0x0f,0xc0,0x00,0x00,0x00,
  0x00,0x00,0x00,0x0f,0xc0,0x00,0x00,0x00,
  0x00,0x00,0x00,0x0f,0xc0,0x00,0x00,0x00,
  0x00,0x00,0x00,0x0f,0xc0,0x00,0x00,0x00,
  0x00,0x00,0x00,0x0f,0xc0,0x00,0x00,0x00,
  0x00,0x00,0x00,0x0f,0xc0,0x00,0x00,0x00,
  0x00,0x00,0x00,0x0f,0xc0,0x00,0x00,0x00,
  0x00,0x00,0x00,0x0f,0xc0,0x00,0x00,0x00,
  0x00,0x00,0x00,0x0f,0xc0,0x00,0x00,0x00,
  0x00,0x00,0x00,0x0f,0xc0,0x00,0x00,0x00,
  0x00,0x00,0x00,0x0f,0xc0,0x00,0x00,0x00,
  0x00,0x00,0x00,0x0f,0xc0,0x00,0x00,0x00,
  0x00,0x00,0x00,0x0f,0xc0,0x00,0x00,0x00,
  0x00,0x00,0x00,0x0f,0xc0,0x00,0x00,0x00,
  0x00,0x00,0x00,0x0f,0xc0,0x00,0x00,0x00,
  0x00,0x00,0x00,0x0f,0xc0,0x00,0x00,0x00,
  0x00,0x00,0x00,0x0f,0xc0,0x00,0x00,0x00,
  0x00,0x00,0x00,0x0f,0xc0,0x00,0x00,0x00,
  0x00,0x00,0x00,0x0f,0xc0,0x00,0x00,0x00,
  0x00,0x00,0x00,0x0f,0xc0,0x00,0x00,0x00,
  0x00,0x00,0x00,0x0f,0xc0,0x00,0x00,0x00,
  0x00,0x00,0x00,0x0f,0xc0,0x00,0x00,0x00,
};

static const uint8_t BMP_CROSSROAD_UTURN[] PROGMEM = {
  0x00,0x00,0x00,0x01,0xfc,0x00,0x00,0x00,
  0x00,0x00,0x00,0x0f,0xff,0x00,0x00,0x00,
  0x00,0x00,0x00,0x1f,0xff,0xc0,0x00,0x00,
  0x00,0x00,0x00,0x7f,0xff,0xf0,0x00,0x00,
  0x00,0x00,0x00,0xff,0xff,0xf8,0x00,0x00,
  0x00,0x00,0x01,0xff,0xff,0xf8,0x00,0x00,
  0x00,0x00,0x01,0xff,0xff,0xfc,0x00,0x00,
  0x00,0x00,0x03,0xfe,0x03,0xfe,0x00,0x00,
  0x00,0x00,0x03,0xfc,0x01,0xfe,0x00,0x00,
  0x00,0x00,0x07,0xf8,0x00,0xfe,0x00,0x00,
  0x00,0x00,0x07,0xf0,0x00,0x7f,0x00,0x00,
  0x00,0x00,0x07,0xf0,0x00,0x7f,0x00,0x00,
  0x00,0x00,0x07,0xe0,0x00,0x7f,0x00,0x00,
  0x00,0x00,0x07,0xe0,0x00,0x7f,0x00,0x00,
  0x00,0x00,0x07,0xe0,0x00,0x7f,0x00,0x00,
  0x00,0x00,0x07,0xe0,0x00,0x7f,0x00,0x00,
  0x00,0x00,0x07,0xe0,0x00,0x7f,0x00,0x00,
  0x00,0x00,0x07,0xe0,0x00,0x7f,0x00,0x00,
  0x00,0x00,0x07,0xe0,0x00,0x7f,0x00,0x00,
  0x00,0x00,0x07,0xe0,0x00,0x7f,0x00,0x00,
  0x00,0x00,0x07,0xe0,0x00,0x7f,0x00,0x00,
  0x00,0x07,0x07,0xe0,0xe0,0x7f,0x00,0x00,
  0x00,0x07,0xff,0xff,0xe0,0x7f,0x00,0x00,
  0x00,0x03,0xff,0xff,0xc0,0x7f,0x00,0x00,
  0x00,0x01,0xff,0xff,0x80,0x7f,0x00,0x00,
  0x00,0x01,0xff,0xff,0x80,0x7f,0x00,0x00,
  0x00,0x00,0xff,0xff,0x00,0x7f,0x00,0x00,
  0x00,0x00,0x7f,0xfe,0x00,0x7f,0x00,0x00,
  0x00,0x00,0x3f,0xfc,0x00,0x7f,0x00,0x00,
  0x00,0x00,0x3f,0xfc,0x00,0x7f,0x00,0x00,
  0x00,0x00,0x1f,0xf8,0x00,0x7f,0x00,0x00,
  0x00,0x00,0x0f,0xf8,0x00,0x7f,0x00,0x00,
  0x00,0x00,0x0f,0xf0,0x00,0x7f,0x00,0x00,
  0x00,0x00,0x07,0xe0,0x00,0x7f,0x00,0x00,
  0x00,0x00,0x03,0xc0,0x00,0x7f,0x00,0x00,
  0x00,0x00,0x03,0xc0,0x00,0x7f,0x00,0x00,
  0x00,0x00,0x01,0x80,0x00,0x7f,0x00,0x00,
  0x00,0x00,0x00,0x00,0x00,0x7f,0x00,0x00,
  0x00,0x00,0x00,0x00,0x00,0x7f,0x00,0x00,
  0x00,0x00,0x00,0x00,0x00,0x7f,0x00,0x00,
  0x00,0x00,0x00,0x00,0x00,0x7f,0x00,0x00,
  0x00,0x00,0x00,0x00,0x00,0x7f,0x00,0x00,
  0x00,0x00,0x00,0x00,0x00,0x7f,0x00,0x00,
  0x00,0x00,0x00,0x00,0x00,0x7f,0x00,0x00,
  0x00,0x00,0x00,0x00,0x00,0x7f,0x00,0x00,
  0x00,0x00,0x00,0x00,0x00,0x7f,0x00,0x00,
};

static const uint8_t BMP_DIRT_ROAD[] PROGMEM = {
  0x00,0x00,0x00,0x00,0x00,0x00,0x00,0x00,
  0x00,0x00,0x00,0x00,0x00,0x00,0x00,0x00,
  0x00,0x00,0x00,0x00,0x00,0x00,0x00,0x00,
  0x00,0x00,0x00,0x00,0x00,0xc0,0x00,0x00,
  0x00,0x00,0x00,0x00,0x00,0xe0,0x00,0x00,
  0x00,0x00,0x00,0x00,0x03,0xf0,0x00,0x00,
  0x00,0x00,0x00,0x00,0x03,0xf8,0x00,0x00,
  0x00,0x00,0x00,0x00,0x07,0xfc,0x00,0x00,
  0x00,0x00,0x00,0x00,0x0f,0xfc,0x00,0x00,
  0x00,0x00,0x00,0x00,0x0f,0xfe,0x00,0x00,
  0x00,0x00,0x00,0x00,0x3f,0xff,0x00,0x00,
  0x00,0x00,0x00,0x00,0x3f,0xff,0x80,0x00,
  0x00,0x00,0x00,0x00,0x7f,0xff,0xc0,0x00,
  0x00,0x00,0x00,0x00,0xff,0xff,0xe0,0x00,
  0x00,0x00,0x00,0x01,0xff,0xff,0xe0,0x00,
  0x00,0x00,0x00,0x03,0xff,0xff,0xf8,0x00,
  0x00,0x00,0x00,0x03,0xff,0xff,0xf0,0x00,
  0x00,0x00,0x00,0x07,0xff,0xff,0xe0,0x00,
  0x00,0x00,0x00,0x0f,0xff,0xff,0xc0,0x00,
  0x00,0x00,0x00,0x1f,0xff,0xff,0x00,0x00,
  0x00,0x00,0x00,0x3f,0xff,0xfc,0x00,0x00,
  0x00,0x00,0x00,0x3f,0xff,0xf8,0x00,0x00,
  0x00,0x00,0x00,0x7f,0xff,0xe0,0x00,0x00,
  0x00,0x00,0x00,0xff,0xff,0x80,0x00,0x00,
  0x00,0x00,0x01,0xff,0xff,0x00,0x00,0x00,
  0x00,0x00,0x03,0xff,0xfe,0x00,0x00,0x00,
  0x00,0x00,0x07,0xff,0xf0,0x00,0x00,0x00,
  0x00,0x00,0x07,0xff,0xe0,0x00,0x00,0x00,
  0x00,0x00,0x0f,0xff,0xc0,0x00,0x00,0x00,
  0x00,0x00,0x1f,0xff,0x00,0x00,0x00,0x00,
  0x00,0x00,0x1f,0xfe,0x00,0x00,0x04,0x00,
  0x00,0x00,0x7f,0xf8,0x00,0x00,0x1e,0x00,
  0x00,0x00,0xff,0xe0,0x00,0x00,0x7f,0x00,
  0x00,0x00,0xff,0xc0,0x00,0x00,0xff,0x00,
  0x00,0x01,0xff,0x00,0x00,0x03,0xff,0x00,
  0x00,0x01,0xfe,0x00,0x00,0x07,0xff,0x00,
  0x00,0x07,0xf8,0x00,0x00,0x1f,0xff,0x00,
  0x00,0x07,0xe0,0x00,0x00,0x7f,0xff,0x00,
  0x00,0x0f,0xc0,0x00,0x00,0xff,0xff,0x00,
  0x00,0x1f,0x00,0x00,0x03,0xff,0xff,0x00,
  0x00,0x1e,0x00,0x00,0x07,0xff,0xff,0x00,
  0x00,0x78,0x00,0x00,0x1f,0xff,0xff,0x00,
  0x00,0x60,0x00,0x00,0x7f,0xff,0xe0,0x00,
  0x00,0xc0,0x00,0x00,0xff,0xf8,0x00,0x00,
  0x00,0x00,0x00,0x03,0xfc,0x00,0x00,0x00,
  0x00,0x00,0x00,0x07,0x00,0x00,0x00,0x00,
};

static const uint8_t BMP_FINISH[] PROGMEM = {
  0x00,0x00,0x00,0x3f,0xe0,0x00,0x00,0x00,
  0x00,0x00,0x00,0xff,0xf8,0x00,0x00,0x00,
  0x00,0x00,0x03,0xff,0xfe,0x00,0x00,0x00,
  0x00,0x00,0x07,0xff,0xff,0x00,0x00,0x00,
  0x00,0x00,0x0f,0xff,0xff,0x80,0x00,0x00,
  0x00,0x00,0x1f,0xff,0xff,0xc0,0x00,0x00,
  0x00,0x00,0x3f,0xff,0xff,0xe0,0x00,0x00,
  0x00,0x00,0x3f,0xff,0xff,0xe0,0x00,0x00,
  0x00,0x00,0x7f,0xff,0xff,0xf0,0x00,0x00,
  0x00,0x00,0x7f,0xff,0xff,0xf0,0x00,0x00,
  0x00,0x00,0xff,0xff,0xff,0xf8,0x00,0x00,
  0x00,0x00,0xff,0xff,0xff,0xf8,0x00,0x00,
  0x00,0x00,0xff,0xff,0xff,0xf8,0x00,0x00,
  0x00,0x00,0xff,0xff,0xff,0xf8,0x00,0x00,
  0x00,0x00,0xff,0xff,0xff,0xf8,0x00,0x00,
  0x00,0x00,0xff,0xff,0xff,0xf8,0x00,0x00,
  0x00,0x00,0xff,0xff,0xff,0xf8,0x00,0x00,
  0x00,0x00,0xff,0xff,0xff,0xf8,0x00,0x00,
  0x00,0x00,0xff,0xff,0xff,0xf8,0x00,0x00,
  0x00,0x00,0xff,0xff,0xff,0xf8,0x00,0x00,
  0x00,0x00,0x7f,0xff,0xff,0xf0,0x00,0x00,
  0x00,0x00,0x7f,0xff,0xff,0xf0,0x00,0x00,
  0x00,0x00,0x7f,0xff,0xff,0xf0,0x00,0x00,
  0x00,0x00,0x07,0xff,0xfe,0x00,0x00,0x00,
  0x00,0x00,0x00,0xff,0xf8,0x00,0x00,0x00,
  0x00,0x00,0x00,0x7f,0xf0,0x00,0x00,0x00,
  0x00,0x00,0x00,0x3f,0xe0,0x00,0x00,0x00,
  0x00,0x00,0x00,0x1f,0xc0,0x00,0x00,0x00,
  0x00,0x00,0x00,0x1f,0xc0,0x00,0x00,0x00,
  0x00,0x00,0x00,0x0f,0x80,0x00,0x00,0x00,
  0x00,0x00,0x00,0x0f,0x80,0x00,0x00,0x00,
  0x00,0x00,0x00,0x0f,0x80,0x00,0x00,0x00,
  0x00,0x00,0x00,0x0f,0x00,0x00,0x00,0x00,
  0x00,0x00,0x00,0x07,0x00,0x00,0x00,0x00,
  0x00,0x00,0x00,0x07,0x00,0x00,0x00,0x00,
  0x00,0x00,0x00,0x07,0x00,0x00,0x00,0x00,
  0x00,0x00,0x00,0x07,0x00,0x00,0x00,0x00,
  0x00,0x00,0x00,0x07,0x00,0x00,0x00,0x00,
  0x00,0x00,0x00,0x07,0x00,0x00,0x00,0x00,
  0x00,0x00,0x00,0x07,0x00,0x00,0x00,0x00,
  0x00,0x00,0x00,0x07,0x00,0x00,0x00,0x00,
  0x00,0x00,0x00,0x07,0x00,0x00,0x00,0x00,
  0x00,0x00,0x00,0x07,0x00,0x00,0x00,0x00,
  0x00,0x00,0x00,0x07,0x00,0x00,0x00,0x00,
  0x00,0x00,0x00,0x07,0x00,0x00,0x00,0x00,
  0x00,0x00,0x00,0x00,0x00,0x00,0x00,0x00,
};

static const uint8_t BMP_FROM[] PROGMEM = {
  0x00,0x00,0x00,0x3f,0xf0,0x00,0x00,0x00,
  0x00,0x00,0x00,0x3f,0xf0,0x00,0x00,0x00,
  0x00,0x00,0x00,0x3f,0xf0,0x00,0x00,0x00,
  0x00,0x00,0x00,0x7f,0xf8,0x00,0x00,0x00,
  0x00,0x00,0x00,0x7f,0xf8,0x00,0x00,0x00,
  0x00,0x00,0x00,0x7f,0xf8,0x00,0x00,0x00,
  0x00,0x00,0x00,0xff,0xfc,0x00,0x00,0x00,
  0x00,0x00,0x00,0xff,0xfc,0x00,0x00,0x00,
  0x00,0x00,0x01,0xff,0xfc,0x00,0x00,0x00,
  0x00,0x00,0x01,0xff,0xfe,0x00,0x00,0x00,
  0x00,0x00,0x01,0xff,0xfe,0x00,0x00,0x00,
  0x00,0x00,0x01,0xff,0xfe,0x00,0x00,0x00,
  0x00,0x00,0x03,0xfd,0xff,0x00,0x00,0x00,
  0x00,0x00,0x03,0xfd,0xff,0x00,0x00,0x00,
  0x00,0x00,0x03,0xfc,0xff,0x00,0x00,0x00,
  0x00,0x00,0x07,0xfc,0xff,0x80,0x00,0x00,
  0x00,0x00,0x0f,0xf8,0xff,0x80,0x00,0x00,
  0x00,0x00,0x0f,0xf8,0x7f,0x80,0x00,0x00,
  0x00,0x00,0x0f,0xf8,0x7f,0xc0,0x00,0x00,
  0x00,0x00,0x1f,0xf0,0x7f,0xe0,0x00,0x00,
  0x00,0x00,0x1f,0xf0,0x3f,0xe0,0x00,0x00,
  0x00,0x00,0x1f,0xf0,0x3f,0xe0,0x00,0x00,
  0x00,0x00,0x3f,0xe0,0x1f,0xf0,0x00,0x00,
  0x00,0x00,0x3f,0xe0,0x1f,0xf0,0x00,0x00,
  0x00,0x00,0x3f,0xc0,0x1f,0xf0,0x00,0x00,
  0x00,0x00,0x7f,0xc0,0x0f,0xf8,0x00,0x00,
  0x00,0x00,0x7f,0xc0,0x0f,0xf8,0x00,0x00,
  0x00,0x00,0x7f,0x80,0x0f,0xf8,0x00,0x00,
  0x00,0x00,0xff,0x80,0x07,0xfc,0x00,0x00,
  0x00,0x00,0xff,0xff,0xff,0xfc,0x00,0x00,
  0x00,0x00,0xff,0xff,0xff,0xfc,0x00,0x00,
  0x00,0x01,0xff,0xff,0xff,0xfe,0x00,0x00,
  0x00,0x01,0xff,0xff,0xff,0xfe,0x00,0x00,
  0x00,0x01,0xff,0xff,0xff,0xfe,0x00,0x00,
  0x00,0x03,0xff,0xff,0xff,0xff,0x00,0x00,
  0x00,0x07,0xff,0xff,0xff,0xff,0x00,0x00,
  0x00,0x07,0xfe,0x00,0x01,0xff,0x00,0x00,
  0x00,0x07,0xfe,0x00,0x00,0xff,0x80,0x00,
  0x00,0x0f,0xfc,0x00,0x00,0xff,0x80,0x00,
  0x00,0x0f,0xfc,0x00,0x00,0xff,0xc0,0x00,
  0x00,0x0f,0xfc,0x00,0x00,0xff,0xc0,0x00,
  0x00,0x1f,0xf8,0x00,0x00,0x7f,0xe0,0x00,
  0x00,0x1f,0xf8,0x00,0x00,0x7f,0xe0,0x00,
  0x00,0x1f,0xf0,0x00,0x00,0x7f,0xe0,0x00,
  0x00,0x3f,0xf0,0x00,0x00,0x3f,0xf0,0x00,
  0x00,0x3f,0xf0,0x00,0x00,0x3f,0xf0,0x00,
};

static const uint8_t BMP_GATE[] PROGMEM = {
  0x00,0x00,0x00,0x3c,0x00,0x00,0x00,0x00,
  0x00,0x00,0x00,0x3f,0xc0,0x00,0x00,0x00,
  0x00,0x00,0x00,0x3f,0xe0,0x00,0x00,0x00,
  0x00,0x00,0x00,0x3f,0xe0,0x00,0x00,0x00,
  0x00,0x00,0x00,0x3f,0xe0,0x00,0x00,0x00,
  0x00,0x00,0x00,0x3f,0xe0,0x00,0x00,0x00,
  0x00,0x00,0x00,0x3f,0xe0,0x00,0x00,0x00,
  0x00,0x00,0x00,0x3f,0xe0,0x00,0x00,0x00,
  0x00,0x00,0x00,0x3f,0xe0,0x00,0x00,0x00,
  0x00,0x00,0x00,0x3f,0xe0,0x00,0x00,0x00,
  0x00,0x00,0x00,0x3f,0xe0,0x00,0x00,0x00,
  0x00,0x00,0x00,0x3f,0xe0,0x00,0x00,0x00,
  0x00,0x00,0x00,0x3f,0xe0,0x00,0x00,0x00,
  0x00,0x00,0x00,0x3f,0xe0,0x00,0x00,0x00,
  0x00,0x00,0x00,0x3f,0xe0,0x00,0x00,0x00,
  0x00,0x00,0x00,0x3f,0xe0,0x00,0x00,0x00,
  0x00,0x00,0x00,0x3f,0xe0,0x00,0x00,0x00,
  0x00,0x00,0x00,0x3f,0xe0,0x00,0x00,0x00,
  0x00,0x00,0x00,0x3f,0xe0,0x00,0x00,0x00,
  0x00,0x00,0x00,0x3f,0xe0,0x00,0x00,0x00,
  0x00,0x00,0x00,0x3f,0xe0,0x00,0x00,0x00,
  0x00,0x00,0x00,0x3f,0xe0,0x00,0x00,0x00,
  0x00,0x00,0x00,0x3f,0xe0,0x00,0x00,0x00,
  0x00,0x00,0x00,0x3f,0xe0,0x00,0x00,0x00,
  0x00,0x00,0x00,0x3f,0xe0,0x00,0x00,0x00,
  0x00,0x00,0x00,0x3f,0xe0,0x00,0x00,0x00,
  0x00,0x00,0x00,0x3f,0xe0,0x00,0x00,0x00,
  0x00,0x00,0x00,0x3f,0xe0,0x00,0x00,0x00,
  0x00,0x00,0x00,0x3f,0xe0,0x00,0x00,0x00,
  0x00,0x00,0x00,0x3f,0xe0,0x00,0x00,0x00,
  0x00,0x00,0x00,0x3f,0xe0,0x00,0x00,0x00,
  0x00,0x00,0x00,0x3f,0xe0,0x00,0x00,0x00,
  0x00,0x00,0x00,0x3f,0xe0,0x00,0x00,0x00,
  0x00,0x00,0x00,0x3f,0xe0,0x00,0x00,0x00,
  0x00,0x00,0x00,0x3f,0xe0,0x00,0x00,0x00,
  0x00,0x00,0x00,0x3f,0xe0,0x00,0x00,0x00,
  0x00,0x00,0x00,0x3f,0xe0,0x00,0x00,0x00,
  0x00,0x00,0x00,0x3f,0xe0,0x00,0x00,0x00,
  0x00,0x00,0x00,0x3f,0xe0,0x00,0x00,0x00,
  0x00,0x00,0x00,0x3f,0xe0,0x00,0x00,0x00,
  0x00,0x00,0x00,0x3f,0xe0,0x00,0x00,0x00,
  0x00,0x00,0x00,0x3f,0xe0,0x00,0x00,0x00,
  0x00,0x00,0x00,0x3f,0xe0,0x00,0x00,0x00,
  0x00,0x00,0x00,0x3f,0xe0,0x00,0x00,0x00,
  0x00,0x00,0x00,0x3f,0xe0,0x00,0x00,0x00,
  0x00,0x00,0x00,0x3f,0xe0,0x00,0x00,0x00,
};

static const uint8_t BMP_LEFT_RING_EXIT[] PROGMEM = {
  0x00,0x00,0x02,0x00,0x00,0x00,0x00,0x00,
  0x00,0x00,0x0e,0x00,0x00,0x00,0x00,0x00,
  0x00,0x00,0x1e,0x00,0x00,0x00,0x00,0x00,
  0x00,0x00,0x7e,0x00,0x00,0x00,0x00,0x00,
  0x00,0x00,0xfc,0x00,0x00,0x00,0x00,0x00,
  0x00,0x03,0xfc,0x00,0x00,0x00,0x00,0x00,
  0x00,0x07,0xfc,0x00,0x00,0x00,0x00,0x00,
  0x00,0x0f,0xfc,0x00,0x00,0x00,0x00,0x00,
  0x00,0x3f,0xfc,0x00,0x00,0x00,0x00,0x00,
  0x00,0x7f,0xfc,0x00,0x00,0x00,0x00,0x00,
  0x01,0xff,0xfc,0x00,0x00,0x00,0x00,0x00,
  0x03,0xff,0xff,0xff,0x00,0x00,0x00,0x00,
  0x0f,0xff,0xff,0xff,0xc0,0x00,0x00,0x00,
  0x1f,0xff,0xff,0xff,0xf0,0x00,0x00,0x00,
  0x3f,0xff,0xff,0xff,0xf8,0x00,0x00,0x00,
  0xff,0xff,0xff,0xff,0xfc,0x00,0x00,0x00,
  0x7f,0xff,0xff,0xff,0xfe,0x00,0x00,0x00,
  0x3f,0xff,0xff,0xff,0xfe,0x00,0x00,0x00,
  0x0f,0xff,0xff,0xff,0xff,0x00,0x00,0x00,
  0x07,0xff,0xff,0xff,0xff,0x00,0x00,0x00,
  0x01,0xff,0xfc,0x07,0xff,0x00,0x00,0x00,
  0x00,0xff,0xfc,0x03,0xff,0x80,0x00,0x00,
  0x00,0x3f,0xfc,0x01,0xff,0x80,0x00,0x00,
  0x00,0x1f,0xfc,0x00,0xff,0x80,0x00,0x00,
  0x00,0x07,0xfc,0x00,0xff,0xc0,0x00,0x00,
  0x00,0x03,0xfc,0x00,0xff,0xc0,0x00,0x00,
  0x00,0x00,0xfc,0x00,0x7f,0xe0,0x00,0x00,
  0x00,0x00,0x7e,0x00,0x7f,0xf0,0x00,0x00,
  0x00,0x00,0x3e,0x00,0x7f,0xf0,0x00,0x00,
  0x00,0x00,0x0e,0x00,0x3f,0xf8,0x00,0x00,
  0x00,0x00,0x06,0x00,0x1f,0xfc,0x00,0x00,
  0x00,0x00,0x00,0x00,0x1f,0xfe,0x00,0x00,
  0x00,0x00,0x00,0x00,0x0f,0xff,0x00,0x00,
  0x00,0x00,0x00,0x00,0x0f,0xff,0xc0,0x00,
  0x00,0x00,0x00,0x00,0x07,0xff,0xe0,0x00,
  0x00,0x00,0x00,0x00,0x03,0xff,0xf8,0x00,
  0x00,0x00,0x00,0x00,0x01,0xff,0xff,0x80,
  0x00,0x00,0x00,0x00,0x00,0xff,0xff,0xf8,
  0x00,0x00,0x00,0x00,0x00,0x7f,0xff,0xf8,
  0x00,0x00,0x00,0x00,0x00,0x3f,0xff,0xf8,
  0x00,0x00,0x00,0x00,0x00,0x1f,0xff,0xf8,
  0x00,0x00,0x00,0x00,0x00,0x07,0xff,0xf8,
  0x00,0x00,0x00,0x00,0x00,0x03,0xff,0xf8,
  0x00,0x00,0x00,0x00,0x00,0x00,0x7f,0xf8,
  0x00,0x00,0x00,0x00,0x00,0x00,0x1f,0xf8,
  0x00,0x00,0x00,0x00,0x00,0x00,0x00,0xf8,
};

static const uint8_t BMP_RIGHT_RING_EXIT[] PROGMEM = {
  0x00,0x00,0x00,0x00,0x02,0x00,0x00,0x00,
  0x00,0x00,0x00,0x00,0x03,0x80,0x00,0x00,
  0x00,0x00,0x00,0x00,0x03,0xc0,0x00,0x00,
  0x00,0x00,0x00,0x00,0x03,0xf0,0x00,0x00,
  0x00,0x00,0x00,0x00,0x03,0xf8,0x00,0x00,
  0x00,0x00,0x00,0x00,0x03,0xfe,0x00,0x00,
  0x00,0x00,0x00,0x00,0x01,0xff,0x00,0x00,
  0x00,0x00,0x00,0x00,0x01,0xff,0x80,0x00,
  0x00,0x00,0x00,0x00,0x01,0xff,0xe0,0x00,
  0x00,0x00,0x00,0x00,0x01,0xff,0xf8,0x00,
  0x00,0x00,0x00,0x00,0x01,0xff,0xfc,0x00,
  0x00,0x00,0x00,0x01,0xff,0xff,0xfe,0x00,
  0x00,0x00,0x00,0x0f,0xff,0xff,0xff,0x80,
  0x00,0x00,0x00,0x3f,0xff,0xff,0xff,0xe0,
  0x00,0x00,0x00,0x7f,0xff,0xff,0xff,0xf0,
  0x00,0x00,0x01,0xff,0xff,0xff,0xff,0xf8,
  0x00,0x00,0x01,0xff,0xff,0xff,0xff,0xf0,
  0x00,0x00,0x03,0xff,0xff,0xff,0xff,0xe0,
  0x00,0x00,0x07,0xff,0xff,0xff,0xff,0x80,
  0x00,0x00,0x07,0xff,0xff,0xff,0xff,0x00,
  0x00,0x00,0x07,0xff,0x01,0xff,0xfc,0x00,
  0x00,0x00,0x0f,0xfe,0x01,0xff,0xf8,0x00,
  0x00,0x00,0x0f,0xfc,0x01,0xff,0xe0,0x00,
  0x00,0x00,0x1f,0xf8,0x01,0xff,0xc0,0x00,
  0x00,0x00,0x1f,0xf8,0x01,0xff,0x00,0x00,
  0x00,0x00,0x1f,0xf8,0x01,0xfe,0x00,0x00,
  0x00,0x00,0x3f,0xf0,0x03,0xf8,0x00,0x00,
  0x00,0x00,0x7f,0xf0,0x03,0xf0,0x00,0x00,
  0x00,0x00,0x7f,0xf0,0x03,0xe0,0x00,0x00,
  0x00,0x00,0xff,0xe0,0x03,0x80,0x00,0x00,
  0x00,0x01,0xff,0xc0,0x02,0x00,0x00,0x00,
  0x00,0x03,0xff,0xc0,0x00,0x00,0x00,0x00,
  0x00,0x07,0xff,0x80,0x00,0x00,0x00,0x00,
  0x00,0x1f,0xff,0x80,0x00,0x00,0x00,0x00,
  0x00,0x7f,0xff,0x00,0x00,0x00,0x00,0x00,
  0x00,0xff,0xfe,0x00,0x00,0x00,0x00,0x00,
  0x0f,0xff,0xfc,0x00,0x00,0x00,0x00,0x00,
  0xff,0xff,0xf8,0x00,0x00,0x00,0x00,0x00,
  0xff,0xff,0xf0,0x00,0x00,0x00,0x00,0x00,
  0xff,0xff,0xe0,0x00,0x00,0x00,0x00,0x00,
  0xff,0xff,0x80,0x00,0x00,0x00,0x00,0x00,
  0xff,0xff,0x00,0x00,0x00,0x00,0x00,0x00,
  0xff,0xfc,0x00,0x00,0x00,0x00,0x00,0x00,
  0xff,0xf0,0x00,0x00,0x00,0x00,0x00,0x00,
  0xff,0x80,0x00,0x00,0x00,0x00,0x00,0x00,
  0xf8,0x00,0x00,0x00,0x00,0x00,0x00,0x00,
};

static const uint8_t BMP_RINGROAD_BACKWARD[] PROGMEM = {
  0x00,0x00,0x00,0x0f,0xc0,0x00,0x00,0x00,
  0x00,0x00,0x00,0x7f,0xf8,0x00,0x00,0x00,
  0x00,0x00,0x00,0xff,0xfc,0x00,0x00,0x00,
  0x00,0x00,0x01,0xff,0xfe,0x00,0x00,0x00,
  0x00,0x00,0x03,0xff,0xff,0x00,0x00,0x00,
  0x00,0x00,0x07,0xff,0xff,0x80,0x00,0x00,
  0x00,0x00,0x0f,0xf0,0x3f,0xc0,0x00,0x00,
  0x00,0x00,0x0f,0xe0,0x1f,0xc0,0x00,0x00,
  0x00,0x00,0x0f,0xc0,0x0f,0xc0,0x00,0x00,
  0x00,0x00,0x1f,0x80,0x07,0xe0,0x00,0x00,
  0x00,0x00,0x1f,0x80,0x07,0xe0,0x00,0x00,
  0x00,0x00,0x1f,0x80,0x07,0xe0,0x00,0x00,
  0x00,0x00,0x1f,0x80,0x07,0xe0,0x00,0x00,
  0x00,0x00,0x1f,0x80,0x07,0xe0,0x00,0x00,
  0x00,0x00,0x1f,0x80,0x07,0xe0,0x00,0x00,
  0x00,0x00,0x0f,0xc0,0x0f,0xc0,0x00,0x00,
  0x00,0x00,0x0f,0xe0,0x0f,0xc0,0x00,0x00,
  0x00,0x00,0x0f,0xf0,0x07,0xc0,0x00,0x00,
  0x00,0x00,0x07,0xff,0xc3,0x80,0x00,0x00,
  0x00,0x00,0x03,0xff,0xc1,0x00,0x00,0x00,
  0x00,0x00,0x01,0xff,0xc0,0x00,0x00,0x00,
  0x00,0x00,0x00,0xff,0xc0,0x00,0x00,0x00,
  0x00,0x00,0x00,0x3f,0xc0,0x00,0x00,0x00,
  0x00,0x00,0x00,0x0f,0xc0,0x00,0x00,0x00,
  0x00,0x00,0x00,0x0f,0xc0,0x00,0x00,0x00,
  0x00,0x00,0x00,0x0f,0xc0,0x00,0x00,0x00,
  0x00,0x00,0x00,0x0f,0xc0,0x00,0x00,0x00,
  0x00,0x00,0x00,0x0f,0xc0,0x00,0x00,0x00,
  0x00,0x00,0x00,0x0f,0xc0,0x00,0x00,0x00,
  0x00,0x00,0x00,0x0f,0xc0,0x00,0x00,0x00,
  0x00,0x00,0x00,0x0f,0xc0,0x00,0x00,0x00,
  0x00,0x00,0x00,0x0f,0xc0,0x00,0x00,0x00,
  0x00,0x00,0x03,0xff,0xff,0x00,0x00,0x00,
  0x00,0x00,0x03,0xff,0xff,0x00,0x00,0x00,
  0x00,0x00,0x01,0xff,0xfe,0x00,0x00,0x00,
  0x00,0x00,0x00,0xff,0xfc,0x00,0x00,0x00,
  0x00,0x00,0x00,0xff,0xfc,0x00,0x00,0x00,
  0x00,0x00,0x00,0x7f,0xf8,0x00,0x00,0x00,
  0x00,0x00,0x00,0x3f,0xf0,0x00,0x00,0x00,
  0x00,0x00,0x00,0x3f,0xf0,0x00,0x00,0x00,
  0x00,0x00,0x00,0x1f,0xe0,0x00,0x00,0x00,
  0x00,0x00,0x00,0x0f,0xc0,0x00,0x00,0x00,
  0x00,0x00,0x00,0x0f,0xc0,0x00,0x00,0x00,
  0x00,0x00,0x00,0x07,0x80,0x00,0x00,0x00,
  0x00,0x00,0x00,0x03,0x00,0x00,0x00,0x00,
  0x00,0x00,0x00,0x02,0x00,0x00,0x00,0x00,
};

static const uint8_t BMP_RINGROAD_EXIT[] PROGMEM = {
  0x00,0x00,0x00,0x00,0x02,0x00,0x00,0x00,
  0x00,0x00,0x00,0x00,0x03,0x00,0x00,0x00,
  0x00,0x00,0x00,0x00,0x03,0xc0,0x00,0x00,
  0x00,0x00,0x00,0x00,0x03,0xf0,0x00,0x00,
  0x00,0x00,0x00,0x00,0x03,0xf8,0x00,0x00,
  0x00,0x00,0x00,0x00,0x03,0xfc,0x00,0x00,
  0x00,0x00,0x00,0x00,0x01,0xff,0x00,0x00,
  0x00,0x00,0x00,0x00,0x01,0xff,0x80,0x00,
  0x00,0x00,0x00,0x00,0x01,0xff,0xe0,0x00,
  0x00,0x00,0x00,0x00,0x01,0xff,0xf0,0x00,
  0x00,0x00,0x00,0x00,0x01,0xff,0xfc,0x00,
  0x00,0x00,0x00,0x01,0xff,0xff,0xfe,0x00,
  0x00,0x00,0x00,0x0f,0xff,0xff,0xff,0x80,
  0x00,0x00,0x00,0x3f,0xff,0xff,0xff,0xc0,
  0x00,0x00,0x00,0x7f,0xff,0xff,0xff,0xf0,
  0x00,0x00,0x01,0xff,0xff,0xff,0xff,0xf8,
  0x00,0x00,0x01,0xff,0xff,0xff,0xff,0xf0,
  0x00,0x00,0x03,0xff,0xff,0xff,0xff,0xe0,
  0x00,0x00,0x07,0xff,0xff,0xff,0xff,0x80,
  0x00,0x00,0x07,0xff,0xff,0xff,0xff,0x00,
  0x00,0x00,0x07,0xff,0x01,0xff,0xfc,0x00,
  0x00,0x00,0x0f,0xfe,0x01,0xff,0xf8,0x00,
  0x00,0x00,0x0f,0xfc,0x01,0xff,0xf0,0x00,
  0x00,0x00,0x1f,0xf8,0x01,0xff,0xc0,0x00,
  0x00,0x00,0x1f,0xf8,0x01,0xff,0x00,0x00,
  0x00,0x00,0x1f,0xf8,0x01,0xfe,0x00,0x00,
  0x00,0x00,0x3f,0xf0,0x03,0xfc,0x00,0x00,
  0x00,0x00,0x7f,0xf0,0x03,0xf0,0x00,0x00,
  0x00,0x00,0x7f,0xf0,0x03,0xe0,0x00,0x00,
  0x00,0x00,0xff,0xe0,0x03,0x80,0x00,0x00,
  0x00,0x01,0xff,0xc0,0x03,0x00,0x00,0x00,
  0x00,0x03,0xff,0xc0,0x00,0x00,0x00,0x00,
  0x00,0x07,0xff,0x80,0x00,0x00,0x00,0x00,
  0x00,0x1f,0xff,0x80,0x00,0x00,0x00,0x00,
  0x00,0x7f,0xff,0x00,0x00,0x00,0x00,0x00,
  0x00,0xff,0xfe,0x00,0x00,0x00,0x00,0x00,
  0x0f,0xff,0xfc,0x00,0x00,0x00,0x00,0x00,
  0xff,0xff,0xf8,0x00,0x00,0x00,0x00,0x00,
  0xff,0xff,0xf0,0x00,0x00,0x00,0x00,0x00,
  0xff,0xff,0xe0,0x00,0x00,0x00,0x00,0x00,
  0xff,0xff,0xc0,0x00,0x00,0x00,0x00,0x00,
  0xff,0xff,0x00,0x00,0x00,0x00,0x00,0x00,
  0xff,0xfc,0x00,0x00,0x00,0x00,0x00,0x00,
  0xff,0xf0,0x00,0x00,0x00,0x00,0x00,0x00,
  0xff,0x80,0x00,0x00,0x00,0x00,0x00,0x00,
  0xf8,0x00,0x00,0x00,0x00,0x00,0x00,0x00,
};

static const uint8_t BMP_RINGROAD_FORWARD[] PROGMEM = {
  0x00,0x00,0x00,0x04,0x00,0x00,0x00,0x00,
  0x00,0x00,0x00,0x0e,0x00,0x00,0x00,0x00,
  0x00,0x00,0x00,0x0e,0x00,0x00,0x00,0x00,
  0x00,0x00,0x00,0x1f,0x00,0x00,0x00,0x00,
  0x00,0x00,0x00,0x3f,0x80,0x00,0x00,0x00,
  0x00,0x00,0x00,0x3f,0xc0,0x00,0x00,0x00,
  0x00,0x00,0x00,0x7f,0xc0,0x00,0x00,0x00,
  0x00,0x00,0x00,0xff,0xe0,0x00,0x00,0x00,
  0x00,0x00,0x00,0xff,0xe0,0x00,0x00,0x00,
  0x00,0x00,0x01,0xff,0xf0,0x00,0x00,0x00,
  0x00,0x00,0x03,0xff,0xf8,0x00,0x00,0x00,
  0x00,0x00,0x03,0xff,0xf8,0x00,0x00,0x00,
  0x00,0x00,0x06,0x1f,0x0c,0x00,0x00,0x00,
  0x00,0x00,0x00,0x1f,0x00,0x00,0x00,0x00,
  0x00,0x00,0x00,0x1f,0x00,0x00,0x00,0x00,
  0x00,0x00,0x00,0x1f,0x00,0x00,0x00,0x00,
  0x00,0x00,0x00,0x1f,0x00,0x00,0x00,0x00,
  0x00,0x00,0x00,0x1f,0x00,0x00,0x00,0x00,
  0x00,0x00,0x00,0x1f,0x80,0x00,0x00,0x00,
  0x00,0x00,0x00,0x1f,0xe0,0x00,0x00,0x00,
  0x00,0x00,0x00,0x1f,0xf0,0x00,0x00,0x00,
  0x00,0x00,0x00,0x1f,0xf8,0x00,0x00,0x00,
  0x00,0x00,0x00,0x1f,0xfc,0x00,0x00,0x00,
  0x00,0x00,0x00,0x00,0xfe,0x00,0x00,0x00,
  0x00,0x00,0x00,0x00,0x7e,0x00,0x00,0x00,
  0x00,0x00,0x00,0x00,0x3f,0x00,0x00,0x00,
  0x00,0x00,0x00,0x00,0x1f,0x00,0x00,0x00,
  0x00,0x00,0x00,0x00,0x1f,0x00,0x00,0x00,
  0x00,0x00,0x00,0x00,0x1f,0x00,0x00,0x00,
  0x00,0x00,0x00,0x00,0x1f,0x00,0x00,0x00,
  0x00,0x00,0x00,0x00,0x1f,0x00,0x00,0x00,
  0x00,0x00,0x00,0x00,0x3f,0x00,0x00,0x00,
  0x00,0x00,0x00,0x00,0x7e,0x00,0x00,0x00,
  0x00,0x00,0x00,0x00,0xfe,0x00,0x00,0x00,
  0x00,0x00,0x00,0x1f,0xfc,0x00,0x00,0x00,
  0x00,0x00,0x00,0x1f,0xf8,0x00,0x00,0x00,
  0x00,0x00,0x00,0x1f,0xf0,0x00,0x00,0x00,
  0x00,0x00,0x00,0x1f,0xe0,0x00,0x00,0x00,
  0x00,0x00,0x00,0x1f,0x80,0x00,0x00,0x00,
  0x00,0x00,0x00,0x1f,0x00,0x00,0x00,0x00,
  0x00,0x00,0x00,0x1f,0x00,0x00,0x00,0x00,
  0x00,0x00,0x00,0x1f,0x00,0x00,0x00,0x00,
  0x00,0x00,0x00,0x1f,0x00,0x00,0x00,0x00,
  0x00,0x00,0x00,0x1f,0x00,0x00,0x00,0x00,
  0x00,0x00,0x00,0x1f,0x00,0x00,0x00,0x00,
  0x00,0x00,0x00,0x1f,0x00,0x00,0x00,0x00,
};

static const uint8_t BMP_RINGROAD_LEFT_135[] PROGMEM = {
  0x00,0x00,0x00,0x00,0x01,0xfe,0x00,0x00,
  0x00,0x00,0x00,0x00,0x0f,0xff,0x80,0x00,
  0x00,0x00,0x00,0x00,0x1f,0xff,0xe0,0x00,
  0x00,0x00,0x00,0x00,0x7f,0xff,0xf0,0x00,
  0x00,0x00,0x00,0x00,0xff,0xff,0xf8,0x00,
  0x00,0x00,0x00,0x01,0xff,0xff,0xfc,0x00,
  0x00,0x00,0x00,0x01,0xff,0xff,0xfe,0x00,
  0x00,0x00,0x00,0x03,0xff,0x03,0xfe,0x00,
  0x00,0x00,0x00,0x03,0xfc,0x01,0xff,0x00,
  0x00,0x00,0x00,0x07,0xf8,0x00,0xff,0x00,
  0x00,0x00,0x00,0x07,0xf8,0x00,0x7f,0x80,
  0x00,0x00,0x00,0x07,0xf0,0x00,0x3f,0x80,
  0x00,0x00,0x00,0x0f,0xf0,0x00,0x3f,0x80,
  0x00,0x00,0x00,0x0f,0xe0,0x00,0x3f,0x80,
  0x00,0x00,0x00,0x0f,0xe0,0x00,0x3f,0x80,
  0x00,0x04,0x00,0x0f,0xe0,0x00,0x3f,0x80,
  0x00,0x0c,0x00,0x3f,0xf0,0x00,0x3f,0x80,
  0x00,0x0c,0x00,0xff,0xf0,0x00,0x7f,0x80,
  0x00,0x1e,0x01,0xff,0xf0,0x00,0x7f,0x80,
  0x00,0x1e,0x07,0xff,0xf0,0x00,0xff,0x00,
  0x00,0x3f,0x1f,0xff,0xc0,0x01,0xff,0x00,
  0x00,0x3f,0x3f,0xff,0x00,0x07,0xfe,0x00,
  0x00,0x7f,0xff,0xfc,0x01,0xff,0xfe,0x00,
  0x00,0x7f,0xff,0xf8,0x01,0xff,0xfc,0x00,
  0x00,0xff,0xff,0xe0,0x01,0xff,0xf8,0x00,
  0x00,0xff,0xff,0x80,0x01,0xff,0xf0,0x00,
  0x01,0xff,0xff,0x00,0x01,0xff,0xe0,0x00,
  0x01,0xff,0xfc,0x00,0x01,0xff,0x80,0x00,
  0x03,0xff,0xf0,0x00,0x01,0xfe,0x00,0x00,
  0x03,0xff,0xf8,0x00,0x01,0xfc,0x00,0x00,
  0x07,0xff,0xfc,0x00,0x01,0xfc,0x00,0x00,
  0x07,0xff,0xfc,0x00,0x01,0xfc,0x00,0x00,
  0x0f,0xff,0xfe,0x00,0x01,0xfc,0x00,0x00,
  0x0f,0xff,0xff,0x00,0x01,0xfc,0x00,0x00,
  0x00,0x01,0xff,0x00,0x01,0xfc,0x00,0x00,
  0x00,0x00,0x00,0x00,0x01,0xfc,0x00,0x00,
  0x00,0x00,0x00,0x00,0x01,0xfc,0x00,0x00,
  0x00,0x00,0x00,0x00,0x01,0xfc,0x00,0x00,
  0x00,0x00,0x00,0x00,0x01,0xfc,0x00,0x00,
  0x00,0x00,0x00,0x00,0x01,0xfc,0x00,0x00,
  0x00,0x00,0x00,0x00,0x01,0xfc,0x00,0x00,
  0x00,0x00,0x00,0x00,0x01,0xfc,0x00,0x00,
  0x00,0x00,0x00,0x00,0x01,0xfc,0x00,0x00,
  0x00,0x00,0x00,0x00,0x01,0xfc,0x00,0x00,
  0x00,0x00,0x00,0x00,0x01,0xfc,0x00,0x00,
  0x00,0x00,0x00,0x00,0x01,0xfc,0x00,0x00,
};

static const uint8_t BMP_RINGROAD_LEFT_180[] PROGMEM = {
  0x00,0x00,0x00,0x0f,0xc0,0x00,0x00,0x00,
  0x00,0x00,0x00,0x7f,0xf8,0x00,0x00,0x00,
  0x00,0x00,0x00,0xff,0xfc,0x00,0x00,0x00,
  0x00,0x00,0x01,0xff,0xfe,0x00,0x00,0x00,
  0x00,0x00,0x03,0xff,0xff,0x00,0x00,0x00,
  0x00,0x00,0x07,0xff,0xff,0x80,0x00,0x00,
  0x00,0x00,0x0f,0xf0,0x3f,0xc0,0x00,0x00,
  0x00,0x00,0x0f,0xe0,0x1f,0xc0,0x00,0x00,
  0x00,0x00,0x0f,0xc0,0x0f,0xc0,0x00,0x00,
  0x00,0x00,0x1f,0x80,0x07,0xe0,0x00,0x00,
  0x00,0x00,0x1f,0x80,0x07,0xe0,0x00,0x00,
  0x00,0x00,0x1f,0x80,0x07,0xe0,0x00,0x00,
  0x00,0x00,0x1f,0x80,0x07,0xe0,0x00,0x00,
  0x00,0x00,0x1f,0x80,0x07,0xe0,0x00,0x00,
  0x00,0x00,0x1f,0x80,0x07,0xe0,0x00,0x00,
  0x00,0x00,0x0f,0xc0,0x0f,0xc0,0x00,0x00,
  0x00,0x00,0x0f,0xe0,0x0f,0xc0,0x00,0x00,
  0x00,0x00,0x0f,0xf0,0x07,0xc0,0x00,0x00,
  0x00,0x00,0x07,0xff,0xc3,0x80,0x00,0x00,
  0x00,0x00,0x03,0xff,0xc1,0x00,0x00,0x00,
  0x00,0x00,0x01,0xff,0xc0,0x00,0x00,0x00,
  0x00,0x00,0x00,0xff,0xc0,0x00,0x00,0x00,
  0x00,0x00,0x00,0x3f,0xc0,0x00,0x00,0x00,
  0x00,0x00,0x00,0x0f,0xc0,0x00,0x00,0x00,
  0x00,0x00,0x00,0x0f,0xc0,0x00,0x00,0x00,
  0x00,0x00,0x00,0x0f,0xc0,0x00,0x00,0x00,
  0x00,0x00,0x00,0x0f,0xc0,0x00,0x00,0x00,
  0x00,0x00,0x00,0x0f,0xc0,0x00,0x00,0x00,
  0x00,0x00,0x00,0x0f,0xc0,0x00,0x00,0x00,
  0x00,0x00,0x00,0x0f,0xc0,0x00,0x00,0x00,
  0x00,0x00,0x00,0x0f,0xc0,0x00,0x00,0x00,
  0x00,0x00,0x00,0x0f,0xc0,0x00,0x00,0x00,
  0x00,0x00,0x03,0xff,0xff,0x00,0x00,0x00,
  0x00,0x00,0x03,0xff,0xff,0x00,0x00,0x00,
  0x00,0x00,0x01,0xff,0xfe,0x00,0x00,0x00,
  0x00,0x00,0x00,0xff,0xfc,0x00,0x00,0x00,
  0x00,0x00,0x00,0xff,0xfc,0x00,0x00,0x00,
  0x00,0x00,0x00,0x7f,0xf8,0x00,0x00,0x00,
  0x00,0x00,0x00,0x3f,0xf0,0x00,0x00,0x00,
  0x00,0x00,0x00,0x3f,0xf0,0x00,0x00,0x00,
  0x00,0x00,0x00,0x1f,0xe0,0x00,0x00,0x00,
  0x00,0x00,0x00,0x0f,0xc0,0x00,0x00,0x00,
  0x00,0x00,0x00,0x0f,0xc0,0x00,0x00,0x00,
  0x00,0x00,0x00,0x07,0x80,0x00,0x00,0x00,
  0x00,0x00,0x00,0x03,0x00,0x00,0x00,0x00,
  0x00,0x00,0x00,0x02,0x00,0x00,0x00,0x00,
};

static const uint8_t BMP_RINGROAD_LEFT_45[] PROGMEM = {
  0x00,0x07,0x00,0x00,0x00,0x00,0x00,0x00,
  0x00,0x07,0xf8,0x00,0x00,0x00,0x00,0x00,
  0x00,0x07,0xff,0xc0,0x00,0x00,0x00,0x00,
  0x00,0x03,0xff,0xfc,0x00,0x00,0x00,0x00,
  0x00,0x03,0xff,0xf8,0x00,0x00,0x00,0x00,
  0x00,0x03,0xff,0xf0,0x00,0x00,0x00,0x00,
  0x00,0x03,0xff,0xc0,0x00,0x00,0x00,0x00,
  0x00,0x03,0xff,0x80,0x00,0x00,0x00,0x00,
  0x00,0x01,0xff,0xc0,0x00,0x00,0x00,0x00,
  0x00,0x01,0xff,0xe0,0x00,0x00,0x00,0x00,
  0x00,0x01,0xff,0xf0,0x00,0x00,0x00,0x00,
  0x00,0x01,0xff,0xf8,0x00,0x00,0x00,0x00,
  0x00,0x01,0xf7,0xfc,0x3f,0x00,0x00,0x00,
  0x00,0x01,0xe3,0xfe,0xff,0xe0,0x00,0x00,
  0x00,0x00,0xe1,0xff,0xff,0xf0,0x00,0x00,
  0x00,0x00,0xc0,0xff,0xff,0xf8,0x00,0x00,
  0x00,0x00,0x80,0x7f,0xff,0xfc,0x00,0x00,
  0x00,0x00,0x00,0x3f,0xff,0xfe,0x00,0x00,
  0x00,0x00,0x00,0x1f,0xc0,0xff,0x00,0x00,
  0x00,0x00,0x00,0x0f,0x80,0x7f,0x00,0x00,
  0x00,0x00,0x00,0x07,0x00,0x3f,0x00,0x00,
  0x00,0x00,0x00,0x00,0x00,0x1f,0x80,0x00,
  0x00,0x00,0x00,0x00,0x00,0x1f,0x80,0x00,
  0x00,0x00,0x00,0x00,0x00,0x1f,0x80,0x00,
  0x00,0x00,0x00,0x00,0x00,0x1f,0x80,0x00,
  0x00,0x00,0x00,0x00,0x00,0x1f,0x80,0x00,
  0x00,0x00,0x00,0x00,0x00,0x1f,0x80,0x00,
  0x00,0x00,0x00,0x00,0x00,0x3f,0x80,0x00,
  0x00,0x00,0x00,0x00,0x00,0x3f,0x00,0x00,
  0x00,0x00,0x00,0x00,0x00,0xff,0x00,0x00,
  0x00,0x00,0x00,0x00,0x3f,0xfe,0x00,0x00,
  0x00,0x00,0x00,0x00,0x3f,0xfe,0x00,0x00,
  0x00,0x00,0x00,0x00,0x3f,0xfc,0x00,0x00,
  0x00,0x00,0x00,0x00,0x3f,0xf8,0x00,0x00,
  0x00,0x00,0x00,0x00,0x3f,0xe0,0x00,0x00,
  0x00,0x00,0x00,0x00,0x3f,0x80,0x00,0x00,
  0x00,0x00,0x00,0x00,0x3f,0x00,0x00,0x00,
  0x00,0x00,0x00,0x00,0x3f,0x00,0x00,0x00,
  0x00,0x00,0x00,0x00,0x3f,0x00,0x00,0x00,
  0x00,0x00,0x00,0x00,0x3f,0x00,0x00,0x00,
  0x00,0x00,0x00,0x00,0x3f,0x00,0x00,0x00,
  0x00,0x00,0x00,0x00,0x3f,0x00,0x00,0x00,
  0x00,0x00,0x00,0x00,0x3f,0x00,0x00,0x00,
  0x00,0x00,0x00,0x00,0x3f,0x00,0x00,0x00,
  0x00,0x00,0x00,0x00,0x3f,0x00,0x00,0x00,
  0x00,0x00,0x00,0x00,0x3f,0x00,0x00,0x00,
};

static const uint8_t BMP_RINGROAD_LEFT_90[] PROGMEM = {
  0x00,0x00,0x00,0x00,0x00,0xff,0x80,0x00,
  0x00,0x00,0x00,0x00,0x03,0xff,0xe0,0x00,
  0x00,0x00,0x00,0x00,0x0f,0xff,0xf8,0x00,
  0x00,0x00,0x10,0x00,0x1f,0xff,0xfc,0x00,
  0x00,0x00,0x70,0x00,0x3f,0xff,0xfe,0x00,
  0x00,0x00,0xf0,0x00,0x7f,0xff,0xff,0x00,
  0x00,0x01,0xf0,0x00,0x7f,0xff,0xff,0x80,
  0x00,0x07,0xf0,0x00,0xff,0xc1,0xff,0x80,
  0x00,0x0f,0xf0,0x00,0xff,0x00,0x7f,0xc0,
  0x00,0x3f,0xf0,0x01,0xfe,0x00,0x3f,0xc0,
  0x00,0x7f,0xf0,0x01,0xfc,0x00,0x1f,0xc0,
  0x01,0xff,0xff,0xff,0xfc,0x00,0x0f,0xe0,
  0x03,0xff,0xff,0xff,0xf8,0x00,0x0f,0xe0,
  0x0f,0xff,0xff,0xff,0xf8,0x00,0x0f,0xe0,
  0x1f,0xff,0xff,0xff,0xf8,0x00,0x0f,0xe0,
  0x0f,0xff,0xff,0xff,0xf8,0x00,0x0f,0xe0,
  0x03,0xff,0xff,0xff,0xf8,0x00,0x0f,0xe0,
  0x01,0xff,0xff,0xff,0xf8,0x00,0x1f,0xe0,
  0x00,0xff,0xf0,0x00,0x00,0x00,0x1f,0xc0,
  0x00,0x3f,0xf0,0x00,0x00,0x00,0x3f,0xc0,
  0x00,0x1f,0xf0,0x00,0x00,0x00,0x7f,0xc0,
  0x00,0x07,0xf0,0x00,0x00,0x03,0xff,0x80,
  0x00,0x03,0xf0,0x00,0x00,0x7f,0xff,0x80,
  0x00,0x00,0xf0,0x00,0x00,0x7f,0xff,0x00,
  0x00,0x00,0x70,0x00,0x00,0x7f,0xfe,0x00,
  0x00,0x00,0x10,0x00,0x00,0x7f,0xfc,0x00,
  0x00,0x00,0x00,0x00,0x00,0x7f,0xf0,0x00,
  0x00,0x00,0x00,0x00,0x00,0x7f,0xe0,0x00,
  0x00,0x00,0x00,0x00,0x00,0x7f,0x00,0x00,
  0x00,0x00,0x00,0x00,0x00,0x7f,0x00,0x00,
  0x00,0x00,0x00,0x00,0x00,0x7f,0x00,0x00,
  0x00,0x00,0x00,0x00,0x00,0x7f,0x00,0x00,
  0x00,0x00,0x00,0x00,0x00,0x7f,0x00,0x00,
  0x00,0x00,0x00,0x00,0x00,0x7f,0x00,0x00,
  0x00,0x00,0x00,0x00,0x00,0x7f,0x00,0x00,
  0x00,0x00,0x00,0x00,0x00,0x7f,0x00,0x00,
  0x00,0x00,0x00,0x00,0x00,0x7f,0x00,0x00,
  0x00,0x00,0x00,0x00,0x00,0x7f,0x00,0x00,
  0x00,0x00,0x00,0x00,0x00,0x7f,0x00,0x00,
  0x00,0x00,0x00,0x00,0x00,0x7f,0x00,0x00,
  0x00,0x00,0x00,0x00,0x00,0x7f,0x00,0x00,
  0x00,0x00,0x00,0x00,0x00,0x7f,0x00,0x00,
  0x00,0x00,0x00,0x00,0x00,0x7f,0x00,0x00,
  0x00,0x00,0x00,0x00,0x00,0x7f,0x00,0x00,
  0x00,0x00,0x00,0x00,0x00,0x7f,0x00,0x00,
  0x00,0x00,0x00,0x00,0x00,0x7f,0x00,0x00,
};

static const uint8_t BMP_RINGROAD_LEFTSIDE_BACKWARD[] PROGMEM = {
  0x00,0x00,0x00,0x1f,0xe0,0x00,0x00,0x00,
  0x00,0x00,0x00,0x7f,0xf8,0x00,0x00,0x00,
  0x00,0x00,0x00,0xff,0xfc,0x00,0x00,0x00,
  0x00,0x00,0x03,0xff,0xff,0x00,0x00,0x00,
  0x00,0x00,0x03,0xff,0xff,0x00,0x00,0x00,
  0x00,0x00,0x07,0xff,0xff,0x80,0x00,0x00,
  0x00,0x00,0x0f,0xf0,0x3f,0xc0,0x00,0x00,
  0x00,0x00,0x0f,0xe0,0x1f,0xc0,0x00,0x00,
  0x00,0x00,0x0f,0xc0,0x0f,0xc0,0x00,0x00,
  0x00,0x00,0x1f,0x80,0x07,0xe0,0x00,0x00,
  0x00,0x00,0x1f,0x80,0x07,0xe0,0x00,0x00,
  0x00,0x00,0x1f,0x80,0x07,0xe0,0x00,0x00,
  0x00,0x00,0x1f,0x80,0x07,0xe0,0x00,0x00,
  0x00,0x00,0x1f,0x80,0x07,0xe0,0x00,0x00,
  0x00,0x00,0x1f,0x80,0x07,0xe0,0x00,0x00,
  0x00,0x00,0x0f,0xc0,0x0f,0xc0,0x00,0x00,
  0x00,0x00,0x0f,0xc0,0x1f,0xc0,0x00,0x00,
  0x00,0x00,0x0f,0x80,0x3f,0xc0,0x00,0x00,
  0x00,0x00,0x07,0x0f,0xff,0x80,0x00,0x00,
  0x00,0x00,0x02,0x0f,0xff,0x00,0x00,0x00,
  0x00,0x00,0x00,0x0f,0xfe,0x00,0x00,0x00,
  0x00,0x00,0x00,0x0f,0xfc,0x00,0x00,0x00,
  0x00,0x00,0x00,0x0f,0xf0,0x00,0x00,0x00,
  0x00,0x00,0x00,0x0f,0xc0,0x00,0x00,0x00,
  0x00,0x00,0x00,0x0f,0xc0,0x00,0x00,0x00,
  0x00,0x00,0x00,0x0f,0xc0,0x00,0x00,0x00,
  0x00,0x00,0x00,0x0f,0xc0,0x00,0x00,0x00,
  0x00,0x00,0x00,0x0f,0xc0,0x00,0x00,0x00,
  0x00,0x00,0x00,0x0f,0xc0,0x00,0x00,0x00,
  0x00,0x00,0x00,0x0f,0xc0,0x00,0x00,0x00,
  0x00,0x00,0x00,0x0f,0xc0,0x00,0x00,0x00,
  0x00,0x00,0x00,0x0f,0xc0,0x00,0x00,0x00,
  0x00,0x00,0x03,0xff,0xff,0x00,0x00,0x00,
  0x00,0x00,0x03,0xff,0xff,0x00,0x00,0x00,
  0x00,0x00,0x01,0xff,0xfe,0x00,0x00,0x00,
  0x00,0x00,0x00,0xff,0xfc,0x00,0x00,0x00,
  0x00,0x00,0x00,0xff,0xfc,0x00,0x00,0x00,
  0x00,0x00,0x00,0x7f,0xf8,0x00,0x00,0x00,
  0x00,0x00,0x00,0x3f,0xf0,0x00,0x00,0x00,
  0x00,0x00,0x00,0x3f,0xf0,0x00,0x00,0x00,
  0x00,0x00,0x00,0x1f,0xe0,0x00,0x00,0x00,
  0x00,0x00,0x00,0x0f,0xc0,0x00,0x00,0x00,
  0x00,0x00,0x00,0x0f,0xc0,0x00,0x00,0x00,
  0x00,0x00,0x00,0x07,0x80,0x00,0x00,0x00,
  0x00,0x00,0x00,0x03,0x00,0x00,0x00,0x00,
  0x00,0x00,0x00,0x02,0x00,0x00,0x00,0x00,
};

static const uint8_t BMP_RINGROAD_LEFTSIDE_FORWARD[] PROGMEM = {
  0x00,0x00,0x00,0x01,0x00,0x00,0x00,0x00,
  0x00,0x00,0x00,0x03,0x80,0x00,0x00,0x00,
  0x00,0x00,0x00,0x03,0x80,0x00,0x00,0x00,
  0x00,0x00,0x00,0x07,0xc0,0x00,0x00,0x00,
  0x00,0x00,0x00,0x0f,0xe0,0x00,0x00,0x00,
  0x00,0x00,0x00,0x0f,0xe0,0x00,0x00,0x00,
  0x00,0x00,0x00,0x1f,0xf0,0x00,0x00,0x00,
  0x00,0x00,0x00,0x3f,0xf8,0x00,0x00,0x00,
  0x00,0x00,0x00,0x3f,0xf8,0x00,0x00,0x00,
  0x00,0x00,0x00,0x7f,0xfc,0x00,0x00,0x00,
  0x00,0x00,0x00,0xff,0xfe,0x00,0x00,0x00,
  0x00,0x00,0x00,0xff,0xfe,0x00,0x00,0x00,
  0x00,0x00,0x01,0x87,0xc3,0x00,0x00,0x00,
  0x00,0x00,0x00,0x07,0xc0,0x00,0x00,0x00,
  0x00,0x00,0x00,0x07,0xc0,0x00,0x00,0x00,
  0x00,0x00,0x00,0x07,0xc0,0x00,0x00,0x00,
  0x00,0x00,0x00,0x07,0xc0,0x00,0x00,0x00,
  0x00,0x00,0x00,0x07,0xc0,0x00,0x00,0x00,
  0x00,0x00,0x00,0x0f,0xc0,0x00,0x00,0x00,
  0x00,0x00,0x00,0x3f,0xc0,0x00,0x00,0x00,
  0x00,0x00,0x00,0x7f,0xc0,0x00,0x00,0x00,
  0x00,0x00,0x00,0xff,0xc0,0x00,0x00,0x00,
  0x00,0x00,0x01,0xff,0xc0,0x00,0x00,0x00,
  0x00,0x00,0x03,0xf8,0x00,0x00,0x00,0x00,
  0x00,0x00,0x03,0xf0,0x00,0x00,0x00,0x00,
  0x00,0x00,0x07,0xe0,0x00,0x00,0x00,0x00,
  0x00,0x00,0x07,0xc0,0x00,0x00,0x00,0x00,
  0x00,0x00,0x07,0xc0,0x00,0x00,0x00,0x00,
  0x00,0x00,0x07,0xc0,0x00,0x00,0x00,0x00,
  0x00,0x00,0x07,0xc0,0x00,0x00,0x00,0x00,
  0x00,0x00,0x07,0xc0,0x00,0x00,0x00,0x00,
  0x00,0x00,0x07,0xe0,0x00,0x00,0x00,0x00,
  0x00,0x00,0x03,0xf0,0x00,0x00,0x00,0x00,
  0x00,0x00,0x03,0xf8,0x00,0x00,0x00,0x00,
  0x00,0x00,0x01,0xff,0xc0,0x00,0x00,0x00,
  0x00,0x00,0x00,0xff,0xc0,0x00,0x00,0x00,
  0x00,0x00,0x00,0x7f,0xc0,0x00,0x00,0x00,
  0x00,0x00,0x00,0x3f,0xc0,0x00,0x00,0x00,
  0x00,0x00,0x00,0x0f,0xc0,0x00,0x00,0x00,
  0x00,0x00,0x00,0x07,0xc0,0x00,0x00,0x00,
  0x00,0x00,0x00,0x07,0xc0,0x00,0x00,0x00,
  0x00,0x00,0x00,0x07,0xc0,0x00,0x00,0x00,
  0x00,0x00,0x00,0x07,0xc0,0x00,0x00,0x00,
  0x00,0x00,0x00,0x07,0xc0,0x00,0x00,0x00,
  0x00,0x00,0x00,0x07,0xc0,0x00,0x00,0x00,
  0x00,0x00,0x00,0x07,0xc0,0x00,0x00,0x00,
};

static const uint8_t BMP_RINGROAD_LEFTSIDE_LEFT_135[] PROGMEM = {
  0x00,0x00,0x70,0x00,0x00,0x00,0x00,0x00,
  0x00,0x00,0x7f,0x80,0x00,0x00,0x00,0x00,
  0x00,0x00,0x7f,0xfc,0x00,0x00,0x00,0x00,
  0x00,0x00,0x3f,0xff,0xc0,0x00,0x00,0x00,
  0x00,0x00,0x3f,0xff,0x80,0x00,0x00,0x00,
  0x00,0x00,0x3f,0xff,0x00,0x00,0x00,0x00,
  0x00,0x00,0x3f,0xfc,0x00,0x00,0x00,0x00,
  0x00,0x00,0x3f,0xf8,0x00,0x00,0x00,0x00,
  0x00,0x00,0x1f,0xfc,0x00,0x00,0x00,0x00,
  0x00,0x00,0x1f,0xfe,0x00,0x00,0x00,0x00,
  0x00,0x00,0x1f,0xff,0x00,0x00,0x00,0x00,
  0x00,0x00,0x1f,0xff,0x80,0x00,0x00,0x00,
  0x00,0x00,0x1f,0x7f,0xc0,0x00,0x00,0x00,
  0x00,0x00,0x0e,0x3f,0xe0,0x00,0x00,0x00,
  0x00,0x00,0x0e,0x1f,0xf0,0x00,0x00,0x00,
  0x00,0x00,0x0c,0x0f,0xf8,0x00,0x00,0x00,
  0x00,0x00,0x08,0x07,0xfc,0x00,0x00,0x00,
  0x00,0x00,0x00,0x03,0xfc,0x00,0x00,0x00,
  0x00,0x00,0x00,0x03,0xfc,0x00,0x00,0x00,
  0x00,0x00,0x00,0x03,0xf8,0x00,0x00,0x00,
  0x00,0x00,0x00,0x03,0xf0,0x00,0x00,0x00,
  0x00,0x00,0x00,0x07,0xe0,0x00,0x00,0x00,
  0x00,0x00,0x00,0x07,0xe0,0x00,0x00,0x00,
  0x00,0x00,0x00,0x07,0xe0,0x00,0x00,0x00,
  0x00,0x00,0x00,0x07,0xe0,0x00,0x00,0x00,
  0x00,0x00,0x00,0x07,0xe0,0x00,0x00,0x00,
  0x00,0x00,0x00,0x07,0xe0,0x00,0x00,0x00,
  0x00,0x00,0x00,0x07,0xf0,0x00,0x00,0x00,
  0x00,0x00,0x00,0x03,0xf0,0x00,0x00,0x00,
  0x00,0x00,0x00,0x03,0xfc,0x00,0x00,0x00,
  0x00,0x00,0x00,0x01,0xff,0xf0,0x00,0x00,
  0x00,0x00,0x00,0x01,0xff,0xf0,0x00,0x00,
  0x00,0x00,0x00,0x00,0xff,0xf0,0x00,0x00,
  0x00,0x00,0x00,0x00,0x7f,0xf0,0x00,0x00,
  0x00,0x00,0x00,0x00,0x1f,0xf0,0x00,0x00,
  0x00,0x00,0x00,0x00,0x07,0xf0,0x00,0x00,
  0x00,0x00,0x00,0x00,0x03,0xf0,0x00,0x00,
  0x00,0x00,0x00,0x00,0x03,0xf0,0x00,0x00,
  0x00,0x00,0x00,0x00,0x03,0xf0,0x00,0x00,
  0x00,0x00,0x00,0x00,0x03,0xf0,0x00,0x00,
  0x00,0x00,0x00,0x00,0x03,0xf0,0x00,0x00,
  0x00,0x00,0x00,0x00,0x03,0xf0,0x00,0x00,
  0x00,0x00,0x00,0x00,0x03,0xf0,0x00,0x00,
  0x00,0x00,0x00,0x00,0x03,0xf0,0x00,0x00,
  0x00,0x00,0x00,0x00,0x03,0xf0,0x00,0x00,
  0x00,0x00,0x00,0x00,0x03,0xf0,0x00,0x00,
};

static const uint8_t BMP_RINGROAD_LEFTSIDE_LEFT_315[] PROGMEM = {
  0x00,0x03,0xfc,0x00,0x00,0x00,0x00,0x00,
  0x00,0x0f,0xff,0x80,0x00,0x00,0x00,0x00,
  0x00,0x3f,0xff,0xc0,0x00,0x00,0x00,0x00,
  0x00,0x7f,0xff,0xf0,0x00,0x00,0x00,0x00,
  0x00,0xff,0xff,0xf8,0x00,0x00,0x00,0x00,
  0x01,0xff,0xff,0xfc,0x00,0x00,0x00,0x00,
  0x03,0xff,0xff,0xfc,0x00,0x00,0x00,0x00,
  0x03,0xfe,0x07,0xfe,0x00,0x00,0x00,0x00,
  0x07,0xfc,0x01,0xfe,0x00,0x00,0x00,0x00,
  0x07,0xf8,0x00,0xff,0x00,0x00,0x00,0x00,
  0x07,0xf0,0x00,0xff,0x00,0x00,0x00,0x00,
  0x0f,0xe0,0x00,0x7f,0x00,0x00,0x00,0x00,
  0x0f,0xe0,0x00,0x7f,0x00,0x00,0x00,0x00,
  0x0f,0xe0,0x00,0x3f,0x00,0x00,0x00,0x00,
  0x0f,0xe0,0x00,0x3f,0x80,0x00,0x00,0x00,
  0x0f,0xe0,0x00,0x3f,0x80,0x01,0x00,0x00,
  0x0f,0xe0,0x00,0x7f,0xe0,0x01,0x80,0x00,
  0x0f,0xe0,0x00,0x7f,0xf0,0x01,0x80,0x00,
  0x0f,0xf0,0x00,0x7f,0xfc,0x03,0xc0,0x00,
  0x07,0xf8,0x00,0x7f,0xff,0x03,0xc0,0x00,
  0x07,0xfc,0x00,0x1f,0xff,0x87,0xe0,0x00,
  0x03,0xff,0x00,0x07,0xff,0xe7,0xe0,0x00,
  0x03,0xff,0xfc,0x01,0xff,0xff,0xf0,0x00,
  0x01,0xff,0xfc,0x00,0xff,0xff,0xf0,0x00,
  0x00,0xff,0xfc,0x00,0x3f,0xff,0xf8,0x00,
  0x00,0x7f,0xfc,0x00,0x1f,0xff,0xf8,0x00,
  0x00,0x3f,0xfc,0x00,0x07,0xff,0xfc,0x00,
  0x00,0x0f,0xfc,0x00,0x01,0xff,0xfc,0x00,
  0x00,0x01,0xfc,0x00,0x00,0x7f,0xfe,0x00,
  0x00,0x01,0xfc,0x00,0x00,0xff,0xfe,0x00,
  0x00,0x01,0xfc,0x00,0x01,0xff,0xff,0x00,
  0x00,0x01,0xfc,0x00,0x01,0xff,0xff,0x00,
  0x00,0x01,0xfc,0x00,0x03,0xff,0xff,0x80,
  0x00,0x01,0xfc,0x00,0x07,0xff,0xff,0x80,
  0x00,0x01,0xfc,0x00,0x0f,0xfe,0x00,0x00,
  0x00,0x01,0xfc,0x00,0x00,0x00,0x00,0x00,
  0x00,0x01,0xfc,0x00,0x00,0x00,0x00,0x00,
  0x00,0x01,0xfc,0x00,0x00,0x00,0x00,0x00,
  0x00,0x01,0xfc,0x00,0x00,0x00,0x00,0x00,
  0x00,0x01,0xfc,0x00,0x00,0x00,0x00,0x00,
  0x00,0x01,0xfc,0x00,0x00,0x00,0x00,0x00,
  0x00,0x01,0xfc,0x00,0x00,0x00,0x00,0x00,
  0x00,0x01,0xfc,0x00,0x00,0x00,0x00,0x00,
  0x00,0x01,0xfc,0x00,0x00,0x00,0x00,0x00,
  0x00,0x01,0xfc,0x00,0x00,0x00,0x00,0x00,
  0x00,0x01,0xfc,0x00,0x00,0x00,0x00,0x00,
};

static const uint8_t BMP_RINGROAD_LEFTSIDE_LEFT_45[] PROGMEM = {
  0x00,0x00,0x00,0x00,0x00,0x00,0x00,0x00,
  0x00,0x00,0x00,0x00,0x00,0x0c,0x00,0x00,
  0x00,0x00,0x00,0x00,0x00,0x3e,0x00,0x00,
  0x00,0x00,0x00,0x00,0x00,0x7e,0x00,0x00,
  0x00,0x02,0x00,0x00,0x01,0xff,0x80,0x00,
  0x00,0x06,0x00,0x00,0x07,0xff,0xc0,0x00,
  0x00,0x06,0x00,0x00,0x1f,0xff,0xf0,0x00,
  0x00,0x0f,0x00,0x00,0x3f,0xff,0xfc,0x7c,
  0x00,0x0f,0x00,0x00,0xff,0xff,0xff,0xfc,
  0x00,0x1f,0x80,0x03,0xff,0xff,0xff,0xfc,
  0x00,0x1f,0x80,0x0f,0xff,0xff,0xff,0xfc,
  0x00,0x3f,0xc0,0x1f,0xff,0xff,0xff,0xfc,
  0x00,0x3f,0xc0,0x7f,0xff,0xff,0xff,0xfc,
  0x00,0x7f,0xc1,0xff,0xff,0xff,0xff,0xfc,
  0x00,0x7f,0xe3,0xff,0xff,0xff,0xff,0xfc,
  0x00,0xff,0xff,0xff,0xff,0xc3,0xff,0xfc,
  0x00,0xff,0xff,0xff,0xff,0x01,0xff,0xfc,
  0x01,0xff,0xff,0xff,0xfe,0x00,0x3f,0xfc,
  0x01,0xff,0xff,0xff,0xf8,0x00,0x1f,0xfc,
  0x03,0xff,0xff,0xff,0xe0,0x00,0x1f,0xfc,
  0x03,0xff,0xff,0xff,0x80,0x00,0x1f,0xfc,
  0x07,0xff,0xff,0xff,0x00,0x00,0x1f,0xfc,
  0x07,0xff,0xff,0xfc,0x00,0x00,0x1f,0xfc,
  0x0f,0xff,0xff,0xf0,0x00,0x00,0x1f,0xfc,
  0x0f,0xff,0xff,0xe0,0x00,0x00,0x1f,0xfc,
  0x1f,0xff,0xff,0x80,0x00,0x00,0x1f,0xfc,
  0x1f,0xff,0xff,0xc0,0x00,0x00,0x1f,0xfc,
  0x1f,0xff,0xff,0xe0,0x00,0x00,0x1f,0xfc,
  0x3f,0xff,0xff,0xf0,0x00,0x00,0x1f,0xfc,
  0x3f,0xff,0xff,0xf0,0x00,0x00,0x1f,0xfc,
  0x7f,0xff,0xff,0xf8,0x00,0x00,0x1f,0xfc,
  0x7f,0xff,0xff,0xfc,0x00,0x00,0x1f,0xfc,
  0xff,0xff,0xff,0xfc,0x00,0x00,0x1f,0xfc,
  0xff,0xff,0xff,0xfe,0x00,0x00,0x1f,0xfc,
  0x00,0x07,0xff,0xff,0x00,0x00,0x1f,0xfc,
  0x00,0x00,0x00,0x7f,0x00,0x00,0x1f,0xfc,
  0x00,0x00,0x00,0x00,0x00,0x00,0x1f,0xfc,
  0x00,0x00,0x00,0x00,0x00,0x00,0x1f,0xfc,
  0x00,0x00,0x00,0x00,0x00,0x00,0x1f,0xfc,
  0x00,0x00,0x00,0x00,0x00,0x00,0x1f,0xfc,
  0x00,0x00,0x00,0x00,0x00,0x00,0x1f,0xfc,
  0x00,0x00,0x00,0x00,0x00,0x00,0x1f,0xfc,
  0x00,0x00,0x00,0x00,0x00,0x00,0x1f,0xfc,
  0x00,0x00,0x00,0x00,0x00,0x00,0x1f,0xfc,
  0x00,0x00,0x00,0x00,0x00,0x00,0x1f,0xfc,
  0x00,0x00,0x00,0x00,0x00,0x00,0x00,0x00,
};

static const uint8_t BMP_RINGROAD_LEFTSIDE_RIGHT_180[] PROGMEM = {
  0x00,0x00,0x00,0x0f,0xc0,0x00,0x00,0x00,
  0x00,0x00,0x00,0x7f,0xf8,0x00,0x00,0x00,
  0x00,0x00,0x00,0xff,0xfc,0x00,0x00,0x00,
  0x00,0x00,0x01,0xff,0xfe,0x00,0x00,0x00,
  0x00,0x00,0x03,0xff,0xff,0x00,0x00,0x00,
  0x00,0x00,0x07,0xff,0xff,0x80,0x00,0x00,
  0x00,0x00,0x0f,0xf0,0x3f,0xc0,0x00,0x00,
  0x00,0x00,0x0f,0xe0,0x1f,0xc0,0x00,0x00,
  0x00,0x00,0x0f,0xc0,0x0f,0xc0,0x00,0x00,
  0x00,0x00,0x1f,0x80,0x07,0xe0,0x00,0x00,
  0x00,0x00,0x1f,0x80,0x07,0xe0,0x00,0x00,
  0x00,0x00,0x1f,0x80,0x07,0xe0,0x00,0x00,
  0x00,0x00,0x1f,0x80,0x07,0xe0,0x00,0x00,
  0x00,0x00,0x1f,0x80,0x07,0xe0,0x00,0x00,
  0x00,0x00,0x1f,0x80,0x07,0xe0,0x00,0x00,
  0x00,0x00,0x0f,0xc0,0x0f,0xc0,0x00,0x00,
  0x00,0x00,0x0f,0xe0,0x0f,0xc0,0x00,0x00,
  0x00,0x00,0x0f,0xf0,0x07,0xc0,0x00,0x00,
  0x00,0x00,0x07,0xff,0xc3,0x80,0x00,0x00,
  0x00,0x00,0x03,0xff,0xc1,0x00,0x00,0x00,
  0x00,0x00,0x01,0xff,0xc0,0x00,0x00,0x00,
  0x00,0x00,0x00,0xff,0xc0,0x00,0x00,0x00,
  0x00,0x00,0x00,0x3f,0xc0,0x00,0x00,0x00,
  0x00,0x00,0x00,0x0f,0xc0,0x00,0x00,0x00,
  0x00,0x00,0x00,0x0f,0xc0,0x00,0x00,0x00,
  0x00,0x00,0x00,0x0f,0xc0,0x00,0x00,0x00,
  0x00,0x00,0x00,0x0f,0xc0,0x00,0x00,0x00,
  0x00,0x00,0x00,0x0f,0xc0,0x00,0x00,0x00,
  0x00,0x00,0x00,0x0f,0xc0,0x00,0x00,0x00,
  0x00,0x00,0x00,0x0f,0xc0,0x00,0x00,0x00,
  0x00,0x00,0x00,0x0f,0xc0,0x00,0x00,0x00,
  0x00,0x00,0x00,0x0f,0xc0,0x00,0x00,0x00,
  0x00,0x00,0x03,0xff,0xff,0x00,0x00,0x00,
  0x00,0x00,0x03,0xff,0xff,0x00,0x00,0x00,
  0x00,0x00,0x01,0xff,0xfe,0x00,0x00,0x00,
  0x00,0x00,0x00,0xff,0xfc,0x00,0x00,0x00,
  0x00,0x00,0x00,0xff,0xfc,0x00,0x00,0x00,
  0x00,0x00,0x00,0x7f,0xf8,0x00,0x00,0x00,
  0x00,0x00,0x00,0x3f,0xf0,0x00,0x00,0x00,
  0x00,0x00,0x00,0x3f,0xf0,0x00,0x00,0x00,
  0x00,0x00,0x00,0x1f,0xe0,0x00,0x00,0x00,
  0x00,0x00,0x00,0x0f,0xc0,0x00,0x00,0x00,
  0x00,0x00,0x00,0x0f,0xc0,0x00,0x00,0x00,
  0x00,0x00,0x00,0x07,0x80,0x00,0x00,0x00,
  0x00,0x00,0x00,0x03,0x00,0x00,0x00,0x00,
  0x00,0x00,0x00,0x02,0x00,0x00,0x00,0x00,
};

static const uint8_t BMP_RINGROAD_LEFTSIDE_RIGHT_225[] PROGMEM = {
  0x00,0x00,0x00,0x00,0x00,0x03,0x80,0x00,
  0x00,0x00,0x00,0x00,0x00,0x7f,0x80,0x00,
  0x00,0x00,0x00,0x00,0x0f,0xff,0x00,0x00,
  0x00,0x00,0x00,0x00,0xff,0xff,0x00,0x00,
  0x00,0x00,0x00,0x00,0x7f,0xff,0x00,0x00,
  0x00,0x00,0x00,0x00,0x3f,0xff,0x00,0x00,
  0x00,0x00,0x00,0x00,0x1f,0xff,0x00,0x00,
  0x00,0x00,0x00,0x00,0x07,0xff,0x00,0x00,
  0x00,0x00,0x00,0x00,0x0f,0xfe,0x00,0x00,
  0x00,0x00,0x00,0x00,0x1f,0xfe,0x00,0x00,
  0x00,0x00,0x00,0x00,0x3f,0xfe,0x00,0x00,
  0x00,0x00,0x00,0x00,0x7f,0xfe,0x00,0x00,
  0x00,0x00,0x03,0xf0,0xff,0xbe,0x00,0x00,
  0x00,0x00,0x1f,0xfd,0xff,0x1c,0x00,0x00,
  0x00,0x00,0x3f,0xff,0xfe,0x1c,0x00,0x00,
  0x00,0x00,0x7f,0xff,0xfc,0x0c,0x00,0x00,
  0x00,0x00,0xff,0xff,0xf8,0x04,0x00,0x00,
  0x00,0x01,0xff,0xff,0xf0,0x00,0x00,0x00,
  0x00,0x03,0xfc,0x0f,0xc0,0x00,0x00,0x00,
  0x00,0x03,0xf8,0x07,0x80,0x00,0x00,0x00,
  0x00,0x03,0xf0,0x03,0x00,0x00,0x00,0x00,
  0x00,0x07,0xe0,0x00,0x00,0x00,0x00,0x00,
  0x00,0x07,0xe0,0x00,0x00,0x00,0x00,0x00,
  0x00,0x07,0xe0,0x00,0x00,0x00,0x00,0x00,
  0x00,0x07,0xe0,0x00,0x00,0x00,0x00,0x00,
  0x00,0x07,0xe0,0x00,0x00,0x00,0x00,0x00,
  0x00,0x07,0xe0,0x00,0x00,0x00,0x00,0x00,
  0x00,0x03,0xf0,0x00,0x00,0x00,0x00,0x00,
  0x00,0x03,0xf0,0x00,0x00,0x00,0x00,0x00,
  0x00,0x03,0xfc,0x00,0x00,0x00,0x00,0x00,
  0x00,0x01,0xff,0xf0,0x00,0x00,0x00,0x00,
  0x00,0x00,0xff,0xf0,0x00,0x00,0x00,0x00,
  0x00,0x00,0xff,0xf0,0x00,0x00,0x00,0x00,
  0x00,0x00,0x3f,0xf0,0x00,0x00,0x00,0x00,
  0x00,0x00,0x1f,0xf0,0x00,0x00,0x00,0x00,
  0x00,0x00,0x07,0xf0,0x00,0x00,0x00,0x00,
  0x00,0x00,0x03,0xf0,0x00,0x00,0x00,0x00,
  0x00,0x00,0x03,0xf0,0x00,0x00,0x00,0x00,
  0x00,0x00,0x03,0xf0,0x00,0x00,0x00,0x00,
  0x00,0x00,0x03,0xf0,0x00,0x00,0x00,0x00,
  0x00,0x00,0x03,0xf0,0x00,0x00,0x00,0x00,
  0x00,0x00,0x03,0xf0,0x00,0x00,0x00,0x00,
  0x00,0x00,0x03,0xf0,0x00,0x00,0x00,0x00,
  0x00,0x00,0x03,0xf0,0x00,0x00,0x00,0x00,
  0x00,0x00,0x03,0xf0,0x00,0x00,0x00,0x00,
  0x00,0x00,0x03,0xf0,0x00,0x00,0x00,0x00,
};

static const uint8_t BMP_RINGROAD_LEFTSIDE_RIGHT_270[] PROGMEM = {
  0x00,0x03,0xfc,0x00,0x00,0x00,0x00,0x00,
  0x00,0x1f,0xff,0x00,0x00,0x00,0x00,0x00,
  0x00,0x7f,0xff,0xc0,0x00,0x00,0x00,0x00,
  0x00,0xff,0xff,0xe0,0x00,0x20,0x00,0x00,
  0x01,0xff,0xff,0xf0,0x00,0x38,0x00,0x00,
  0x03,0xff,0xff,0xf8,0x00,0x3c,0x00,0x00,
  0x07,0xff,0xff,0xfc,0x00,0x3e,0x00,0x00,
  0x07,0xfe,0x0f,0xfc,0x00,0x3f,0x80,0x00,
  0x0f,0xf8,0x03,0xfe,0x00,0x3f,0xc0,0x00,
  0x0f,0xf0,0x01,0xfe,0x00,0x3f,0xf0,0x00,
  0x0f,0xe0,0x00,0xff,0x00,0x3f,0xf8,0x00,
  0x1f,0xe0,0x00,0xff,0xff,0xff,0xfe,0x00,
  0x1f,0xc0,0x00,0x7f,0xff,0xff,0xff,0x00,
  0x1f,0xc0,0x00,0x7f,0xff,0xff,0xff,0xc0,
  0x1f,0xc0,0x00,0x7f,0xff,0xff,0xff,0xe0,
  0x1f,0xc0,0x00,0x7f,0xff,0xff,0xff,0xc0,
  0x1f,0xe0,0x00,0x7f,0xff,0xff,0xff,0x00,
  0x1f,0xe0,0x00,0x7f,0xff,0xff,0xfe,0x00,
  0x0f,0xe0,0x00,0x00,0x00,0x3f,0xfc,0x00,
  0x0f,0xf0,0x00,0x00,0x00,0x3f,0xf0,0x00,
  0x0f,0xfc,0x00,0x00,0x00,0x3f,0xe0,0x00,
  0x07,0xff,0x00,0x00,0x00,0x3f,0x80,0x00,
  0x07,0xff,0xf8,0x00,0x00,0x3f,0x00,0x00,
  0x03,0xff,0xf8,0x00,0x00,0x3c,0x00,0x00,
  0x01,0xff,0xf8,0x00,0x00,0x38,0x00,0x00,
  0x00,0xff,0xf8,0x00,0x00,0x20,0x00,0x00,
  0x00,0x7f,0xf8,0x00,0x00,0x00,0x00,0x00,
  0x00,0x1f,0xf8,0x00,0x00,0x00,0x00,0x00,
  0x00,0x03,0xf8,0x00,0x00,0x00,0x00,0x00,
  0x00,0x03,0xf8,0x00,0x00,0x00,0x00,0x00,
  0x00,0x03,0xf8,0x00,0x00,0x00,0x00,0x00,
  0x00,0x03,0xf8,0x00,0x00,0x00,0x00,0x00,
  0x00,0x03,0xf8,0x00,0x00,0x00,0x00,0x00,
  0x00,0x03,0xf8,0x00,0x00,0x00,0x00,0x00,
  0x00,0x03,0xf8,0x00,0x00,0x00,0x00,0x00,
  0x00,0x03,0xf8,0x00,0x00,0x00,0x00,0x00,
  0x00,0x03,0xf8,0x00,0x00,0x00,0x00,0x00,
  0x00,0x03,0xf8,0x00,0x00,0x00,0x00,0x00,
  0x00,0x03,0xf8,0x00,0x00,0x00,0x00,0x00,
  0x00,0x03,0xf8,0x00,0x00,0x00,0x00,0x00,
  0x00,0x03,0xf8,0x00,0x00,0x00,0x00,0x00,
  0x00,0x03,0xf8,0x00,0x00,0x00,0x00,0x00,
  0x00,0x03,0xf8,0x00,0x00,0x00,0x00,0x00,
  0x00,0x03,0xf8,0x00,0x00,0x00,0x00,0x00,
  0x00,0x03,0xf8,0x00,0x00,0x00,0x00,0x00,
  0x00,0x03,0xf8,0x00,0x00,0x00,0x00,0x00,
};

static const uint8_t BMP_RINGROAD_LEFTSIDE_RIGHT_360[] PROGMEM = {
  0x00,0x00,0x00,0x1f,0xe0,0x00,0x00,0x00,
  0x00,0x00,0x00,0x7f,0xf8,0x00,0x00,0x00,
  0x00,0x00,0x00,0xff,0xfc,0x00,0x00,0x00,
  0x00,0x00,0x03,0xff,0xff,0x00,0x00,0x00,
  0x00,0x00,0x03,0xff,0xff,0x00,0x00,0x00,
  0x00,0x00,0x07,0xff,0xff,0x80,0x00,0x00,
  0x00,0x00,0x0f,0xf0,0x3f,0xc0,0x00,0x00,
  0x00,0x00,0x0f,0xe0,0x1f,0xc0,0x00,0x00,
  0x00,0x00,0x0f,0xc0,0x0f,0xc0,0x00,0x00,
  0x00,0x00,0x1f,0x80,0x07,0xe0,0x00,0x00,
  0x00,0x00,0x1f,0x80,0x07,0xe0,0x00,0x00,
  0x00,0x00,0x1f,0x80,0x07,0xe0,0x00,0x00,
  0x00,0x00,0x1f,0x80,0x07,0xe0,0x00,0x00,
  0x00,0x00,0x1f,0x80,0x07,0xe0,0x00,0x00,
  0x00,0x00,0x1f,0x80,0x07,0xe0,0x00,0x00,
  0x00,0x00,0x0f,0xc0,0x0f,0xc0,0x00,0x00,
  0x00,0x00,0x0f,0xc0,0x1f,0xc0,0x00,0x00,
  0x00,0x00,0x0f,0x80,0x3f,0xc0,0x00,0x00,
  0x00,0x00,0x07,0x0f,0xff,0x80,0x00,0x00,
  0x00,0x00,0x02,0x0f,0xff,0x00,0x00,0x00,
  0x00,0x00,0x00,0x0f,0xfe,0x00,0x00,0x00,
  0x00,0x00,0x00,0x0f,0xfc,0x00,0x00,0x00,
  0x00,0x00,0x00,0x0f,0xf0,0x00,0x00,0x00,
  0x00,0x00,0x00,0x0f,0xc0,0x00,0x00,0x00,
  0x00,0x00,0x00,0x0f,0xc0,0x00,0x00,0x00,
  0x00,0x00,0x00,0x0f,0xc0,0x00,0x00,0x00,
  0x00,0x00,0x00,0x0f,0xc0,0x00,0x00,0x00,
  0x00,0x00,0x00,0x0f,0xc0,0x00,0x00,0x00,
  0x00,0x00,0x00,0x0f,0xc0,0x00,0x00,0x00,
  0x00,0x00,0x00,0x0f,0xc0,0x00,0x00,0x00,
  0x00,0x00,0x00,0x0f,0xc0,0x00,0x00,0x00,
  0x00,0x00,0x00,0x0f,0xc0,0x00,0x00,0x00,
  0x00,0x00,0x03,0xff,0xff,0x00,0x00,0x00,
  0x00,0x00,0x03,0xff,0xff,0x00,0x00,0x00,
  0x00,0x00,0x01,0xff,0xfe,0x00,0x00,0x00,
  0x00,0x00,0x00,0xff,0xfc,0x00,0x00,0x00,
  0x00,0x00,0x00,0xff,0xfc,0x00,0x00,0x00,
  0x00,0x00,0x00,0x7f,0xf8,0x00,0x00,0x00,
  0x00,0x00,0x00,0x3f,0xf0,0x00,0x00,0x00,
  0x00,0x00,0x00,0x3f,0xf0,0x00,0x00,0x00,
  0x00,0x00,0x00,0x1f,0xe0,0x00,0x00,0x00,
  0x00,0x00,0x00,0x0f,0xc0,0x00,0x00,0x00,
  0x00,0x00,0x00,0x0f,0xc0,0x00,0x00,0x00,
  0x00,0x00,0x00,0x07,0x80,0x00,0x00,0x00,
  0x00,0x00,0x00,0x03,0x00,0x00,0x00,0x00,
  0x00,0x00,0x00,0x02,0x00,0x00,0x00,0x00,
};

static const uint8_t BMP_RINGROAD_LEFTSIDE_RIGHT_90[] PROGMEM = {
  0x00,0x00,0x00,0xc0,0x00,0x00,0x00,0x00,
  0x00,0x00,0x01,0xc0,0x00,0x00,0x00,0x00,
  0x00,0x00,0x03,0xc0,0x00,0x00,0x00,0x00,
  0x00,0x00,0x0f,0x80,0x00,0x00,0x00,0x00,
  0x00,0x00,0x1f,0x80,0x00,0x00,0x00,0x00,
  0x00,0x00,0x7f,0x80,0x00,0x00,0x00,0x00,
  0x00,0x00,0xff,0x80,0x00,0x00,0x00,0x00,
  0x00,0x03,0xff,0x80,0x00,0x00,0x00,0x00,
  0x00,0x0f,0xff,0xff,0xff,0xe0,0x00,0x00,
  0x00,0x1f,0xff,0xff,0xff,0xe0,0x00,0x00,
  0x00,0x3f,0xff,0xff,0xff,0xe0,0x00,0x00,
  0x00,0xff,0xff,0xff,0xff,0xe0,0x00,0x00,
  0x01,0xff,0xff,0xff,0xff,0xe0,0x00,0x00,
  0x00,0xff,0xff,0xff,0xff,0xe0,0x00,0x00,
  0x00,0x3f,0xff,0xff,0xff,0xe0,0x00,0x00,
  0x00,0x1f,0xff,0xff,0xff,0xf0,0x00,0x00,
  0x00,0x07,0xff,0x80,0x0f,0xf0,0x00,0x00,
  0x00,0x03,0xff,0x80,0x0f,0xf8,0x00,0x00,
  0x00,0x00,0xff,0x80,0x07,0xfc,0x00,0x00,
  0x00,0x00,0x7f,0x80,0x07,0xff,0x00,0x00,
  0x00,0x00,0x3f,0x80,0x03,0xff,0xfe,0x00,
  0x00,0x00,0x0f,0x80,0x01,0xff,0xfe,0x00,
  0x00,0x00,0x03,0xc0,0x00,0xff,0xfe,0x00,
  0x00,0x00,0x01,0xc0,0x00,0xff,0xfe,0x00,
  0x00,0x00,0x00,0xc0,0x00,0x3f,0xfe,0x00,
  0x00,0x00,0x00,0x00,0x00,0x1f,0xfe,0x00,
  0x00,0x00,0x00,0x00,0x00,0x07,0xfe,0x00,
  0x00,0x00,0x00,0x00,0x00,0x01,0xfe,0x00,
  0x00,0x00,0x00,0x00,0x00,0x01,0xfe,0x00,
  0x00,0x00,0x00,0x00,0x00,0x01,0xfe,0x00,
  0x00,0x00,0x00,0x00,0x00,0x01,0xfe,0x00,
  0x00,0x00,0x00,0x00,0x00,0x01,0xfe,0x00,
  0x00,0x00,0x00,0x00,0x00,0x01,0xfe,0x00,
  0x00,0x00,0x00,0x00,0x00,0x01,0xfe,0x00,
  0x00,0x00,0x00,0x00,0x00,0x01,0xfe,0x00,
  0x00,0x00,0x00,0x00,0x00,0x01,0xfe,0x00,
  0x00,0x00,0x00,0x00,0x00,0x01,0xfe,0x00,
  0x00,0x00,0x00,0x00,0x00,0x01,0xfe,0x00,
  0x00,0x00,0x00,0x00,0x00,0x01,0xfe,0x00,
  0x00,0x00,0x00,0x00,0x00,0x01,0xfe,0x00,
  0x00,0x00,0x00,0x00,0x00,0x01,0xfe,0x00,
  0x00,0x00,0x00,0x00,0x00,0x01,0xfe,0x00,
  0x00,0x00,0x00,0x00,0x00,0x01,0xfe,0x00,
  0x00,0x00,0x00,0x00,0x00,0x01,0xfe,0x00,
  0x00,0x00,0x00,0x00,0x00,0x01,0xfe,0x00,
  0x00,0x00,0x00,0x00,0x00,0x01,0xfe,0x00,
};

static const uint8_t BMP_RINGROAD_RIGHT_135[] PROGMEM = {
  0x00,0x00,0x00,0x00,0x00,0x00,0x00,0x00,
  0x00,0x00,0xc0,0x00,0x00,0x00,0x00,0x00,
  0x00,0x00,0xf0,0x00,0x00,0x00,0x00,0x00,
  0x00,0x01,0xf8,0x00,0x00,0x00,0x00,0x00,
  0x00,0x03,0xfe,0x00,0x00,0x00,0x00,0x00,
  0x00,0x07,0xff,0x80,0x00,0x01,0x80,0x00,
  0x00,0x1f,0xff,0xe0,0x00,0x01,0x80,0x00,
  0x00,0x7f,0xff,0xf0,0x00,0x03,0xc0,0x00,
  0xff,0xff,0xff,0xfc,0x00,0x03,0xc0,0x00,
  0xff,0xff,0xff,0xff,0x00,0x07,0xe0,0x00,
  0xff,0xff,0xff,0xff,0xc0,0x07,0xe0,0x00,
  0xff,0xff,0xff,0xff,0xe0,0x0f,0xf0,0x00,
  0xff,0xff,0xff,0xff,0xf8,0x0f,0xf0,0x00,
  0xff,0xff,0xff,0xff,0xfe,0x0f,0xf8,0x00,
  0xff,0xff,0xff,0xff,0xff,0x1f,0xf8,0x00,
  0xff,0xff,0x8f,0xff,0xff,0xff,0xfc,0x00,
  0xff,0xfe,0x03,0xff,0xff,0xff,0xfc,0x00,
  0xff,0xf8,0x01,0xff,0xff,0xff,0xfc,0x00,
  0xff,0xe0,0x00,0x7f,0xff,0xff,0xfe,0x00,
  0xff,0xe0,0x00,0x3f,0xff,0xff,0xfe,0x00,
  0xff,0xe0,0x00,0x0f,0xff,0xff,0xff,0x00,
  0xff,0xe0,0x00,0x03,0xff,0xff,0xff,0x80,
  0xff,0xe0,0x00,0x00,0xff,0xff,0xff,0x80,
  0xff,0xe0,0x00,0x00,0x3f,0xff,0xff,0xc0,
  0xff,0xe0,0x00,0x00,0x1f,0xff,0xff,0xc0,
  0xff,0xe0,0x00,0x00,0x07,0xff,0xff,0xc0,
  0xff,0xe0,0x00,0x00,0x0f,0xff,0xff,0xe0,
  0xff,0xe0,0x00,0x00,0x0f,0xff,0xff,0xe0,
  0xff,0xe0,0x00,0x00,0x1f,0xff,0xff,0xf0,
  0xff,0xe0,0x00,0x00,0x3f,0xff,0xff,0xf0,
  0xff,0xe0,0x00,0x00,0x3f,0xff,0xff,0xf8,
  0xff,0xe0,0x00,0x00,0x7f,0xff,0xff,0xf8,
  0xff,0xe0,0x00,0x00,0xff,0xff,0xff,0xfc,
  0xff,0xe0,0x00,0x01,0xff,0xff,0xff,0xfc,
  0xff,0xe0,0x00,0x01,0xff,0xff,0xf8,0x00,
  0xff,0xe0,0x00,0x03,0xff,0x00,0x00,0x00,
  0xff,0xe0,0x00,0x00,0x00,0x00,0x00,0x00,
  0xff,0xe0,0x00,0x00,0x00,0x00,0x00,0x00,
  0xff,0xe0,0x00,0x00,0x00,0x00,0x00,0x00,
  0xff,0xe0,0x00,0x00,0x00,0x00,0x00,0x00,
  0xff,0xe0,0x00,0x00,0x00,0x00,0x00,0x00,
  0xff,0xe0,0x00,0x00,0x00,0x00,0x00,0x00,
  0xff,0xe0,0x00,0x00,0x00,0x00,0x00,0x00,
  0xff,0xe0,0x00,0x00,0x00,0x00,0x00,0x00,
  0xff,0xe0,0x00,0x00,0x00,0x00,0x00,0x00,
  0x00,0x00,0x00,0x00,0x00,0x00,0x00,0x00,
};

static const uint8_t BMP_RINGROAD_RIGHT_180[] PROGMEM = {
  0x00,0x00,0x00,0x0f,0xc0,0x00,0x00,0x00,
  0x00,0x00,0x00,0x7f,0xf8,0x00,0x00,0x00,
  0x00,0x00,0x00,0xff,0xfc,0x00,0x00,0x00,
  0x00,0x00,0x01,0xff,0xfe,0x00,0x00,0x00,
  0x00,0x00,0x03,0xff,0xff,0x00,0x00,0x00,
  0x00,0x00,0x07,0xff,0xff,0x80,0x00,0x00,
  0x00,0x00,0x0f,0xf0,0x3f,0xc0,0x00,0x00,
  0x00,0x00,0x0f,0xe0,0x1f,0xc0,0x00,0x00,
  0x00,0x00,0x0f,0xc0,0x0f,0xc0,0x00,0x00,
  0x00,0x00,0x1f,0x80,0x07,0xe0,0x00,0x00,
  0x00,0x00,0x1f,0x80,0x07,0xe0,0x00,0x00,
  0x00,0x00,0x1f,0x80,0x07,0xe0,0x00,0x00,
  0x00,0x00,0x1f,0x80,0x07,0xe0,0x00,0x00,
  0x00,0x00,0x1f,0x80,0x07,0xe0,0x00,0x00,
  0x00,0x00,0x1f,0x80,0x07,0xe0,0x00,0x00,
  0x00,0x00,0x0f,0xc0,0x0f,0xc0,0x00,0x00,
  0x00,0x00,0x0f,0xc0,0x1f,0xc0,0x00,0x00,
  0x00,0x00,0x0f,0x80,0x3f,0xc0,0x00,0x00,
  0x00,0x00,0x07,0x0f,0xff,0x80,0x00,0x00,
  0x00,0x00,0x02,0x0f,0xff,0x00,0x00,0x00,
  0x00,0x00,0x00,0x0f,0xfe,0x00,0x00,0x00,
  0x00,0x00,0x00,0x0f,0xfc,0x00,0x00,0x00,
  0x00,0x00,0x00,0x0f,0xf8,0x00,0x00,0x00,
  0x00,0x00,0x00,0x0f,0xc0,0x00,0x00,0x00,
  0x00,0x00,0x00,0x0f,0xc0,0x00,0x00,0x00,
  0x00,0x00,0x00,0x0f,0xc0,0x00,0x00,0x00,
  0x00,0x00,0x00,0x0f,0xc0,0x00,0x00,0x00,
  0x00,0x00,0x00,0x0f,0xc0,0x00,0x00,0x00,
  0x00,0x00,0x00,0x0f,0xc0,0x00,0x00,0x00,
  0x00,0x00,0x00,0x0f,0xc0,0x00,0x00,0x00,
  0x00,0x00,0x00,0x0f,0xc0,0x00,0x00,0x00,
  0x00,0x00,0x00,0x0f,0xc0,0x00,0x00,0x00,
  0x00,0x00,0x03,0xff,0xff,0x00,0x00,0x00,
  0x00,0x00,0x03,0xff,0xff,0x00,0x00,0x00,
  0x00,0x00,0x01,0xff,0xfe,0x00,0x00,0x00,
  0x00,0x00,0x00,0xff,0xfc,0x00,0x00,0x00,
  0x00,0x00,0x00,0xff,0xfc,0x00,0x00,0x00,
  0x00,0x00,0x00,0x7f,0xf8,0x00,0x00,0x00,
  0x00,0x00,0x00,0x3f,0xf0,0x00,0x00,0x00,
  0x00,0x00,0x00,0x3f,0xf0,0x00,0x00,0x00,
  0x00,0x00,0x00,0x1f,0xe0,0x00,0x00,0x00,
  0x00,0x00,0x00,0x0f,0xc0,0x00,0x00,0x00,
  0x00,0x00,0x00,0x0f,0x80,0x00,0x00,0x00,
  0x00,0x00,0x00,0x07,0x80,0x00,0x00,0x00,
  0x00,0x00,0x00,0x03,0x00,0x00,0x00,0x00,
  0x00,0x00,0x00,0x02,0x00,0x00,0x00,0x00,
};

static const uint8_t BMP_RINGROAD_RIGHT_45[] PROGMEM = {
  0x00,0x00,0x00,0x00,0x00,0x70,0x00,0x00,
  0x00,0x00,0x00,0x00,0x0f,0xf0,0x00,0x00,
  0x00,0x00,0x00,0x01,0xff,0xf0,0x00,0x00,
  0x00,0x00,0x00,0x1f,0xff,0xe0,0x00,0x00,
  0x00,0x00,0x00,0x0f,0xff,0xe0,0x00,0x00,
  0x00,0x00,0x00,0x07,0xff,0xe0,0x00,0x00,
  0x00,0x00,0x00,0x01,0xff,0xe0,0x00,0x00,
  0x00,0x00,0x00,0x00,0xff,0xe0,0x00,0x00,
  0x00,0x00,0x00,0x01,0xff,0xc0,0x00,0x00,
  0x00,0x00,0x00,0x03,0xff,0xc0,0x00,0x00,
  0x00,0x00,0x00,0x07,0xff,0xc0,0x00,0x00,
  0x00,0x00,0x00,0x0f,0xff,0xc0,0x00,0x00,
  0x00,0x00,0x00,0x1f,0xf7,0xc0,0x00,0x00,
  0x00,0x00,0x00,0x3f,0xe3,0x80,0x00,0x00,
  0x00,0x00,0x00,0x7f,0xc1,0x80,0x00,0x00,
  0x00,0x00,0x00,0xff,0x81,0x80,0x00,0x00,
  0x00,0x00,0x01,0xff,0x00,0x80,0x00,0x00,
  0x00,0x00,0x01,0xfe,0x00,0x00,0x00,0x00,
  0x00,0x00,0x01,0xfe,0x00,0x00,0x00,0x00,
  0x00,0x00,0x00,0xfe,0x00,0x00,0x00,0x00,
  0x00,0x00,0x00,0x7f,0x00,0x00,0x00,0x00,
  0x00,0x00,0x00,0x3f,0x00,0x00,0x00,0x00,
  0x00,0x00,0x00,0x3f,0x00,0x00,0x00,0x00,
  0x00,0x00,0x00,0x3f,0x00,0x00,0x00,0x00,
  0x00,0x00,0x00,0x3f,0x00,0x00,0x00,0x00,
  0x00,0x00,0x00,0x3f,0x00,0x00,0x00,0x00,
  0x00,0x00,0x00,0x3f,0x00,0x00,0x00,0x00,
  0x00,0x00,0x00,0x7f,0x00,0x00,0x00,0x00,
  0x00,0x00,0x00,0x7e,0x00,0x00,0x00,0x00,
  0x00,0x00,0x01,0xfe,0x00,0x00,0x00,0x00,
  0x00,0x00,0x7f,0xfc,0x00,0x00,0x00,0x00,
  0x00,0x00,0x7f,0xfc,0x00,0x00,0x00,0x00,
  0x00,0x00,0x7f,0xf8,0x00,0x00,0x00,0x00,
  0x00,0x00,0x7f,0xf0,0x00,0x00,0x00,0x00,
  0x00,0x00,0x7f,0xc0,0x00,0x00,0x00,0x00,
  0x00,0x00,0x7f,0x00,0x00,0x00,0x00,0x00,
  0x00,0x00,0x7e,0x00,0x00,0x00,0x00,0x00,
  0x00,0x00,0x7e,0x00,0x00,0x00,0x00,0x00,
  0x00,0x00,0x7e,0x00,0x00,0x00,0x00,0x00,
  0x00,0x00,0x7e,0x00,0x00,0x00,0x00,0x00,
  0x00,0x00,0x7e,0x00,0x00,0x00,0x00,0x00,
  0x00,0x00,0x7e,0x00,0x00,0x00,0x00,0x00,
  0x00,0x00,0x7e,0x00,0x00,0x00,0x00,0x00,
  0x00,0x00,0x7e,0x00,0x00,0x00,0x00,0x00,
  0x00,0x00,0x7e,0x00,0x00,0x00,0x00,0x00,
  0x00,0x00,0x7e,0x00,0x00,0x00,0x00,0x00,
};

static const uint8_t BMP_RINGROAD_RIGHT_90[] PROGMEM = {
  0x00,0x00,0x00,0x00,0x0c,0x00,0x00,0x00,
  0x00,0x00,0x00,0x00,0x0e,0x00,0x00,0x00,
  0x00,0x00,0x00,0x00,0x07,0x00,0x00,0x00,
  0x00,0x00,0x00,0x00,0x07,0xc0,0x00,0x00,
  0x00,0x00,0x00,0x00,0x07,0xe0,0x00,0x00,
  0x00,0x00,0x00,0x00,0x07,0xf8,0x00,0x00,
  0x00,0x00,0x00,0x00,0x07,0xfc,0x00,0x00,
  0x00,0x00,0x00,0x00,0x07,0xff,0x00,0x00,
  0x00,0x00,0x1f,0xff,0xff,0xff,0x80,0x00,
  0x00,0x00,0x1f,0xff,0xff,0xff,0xe0,0x00,
  0x00,0x00,0x1f,0xff,0xff,0xff,0xf0,0x00,
  0x00,0x00,0x1f,0xff,0xff,0xff,0xfc,0x00,
  0x00,0x00,0x1f,0xff,0xff,0xff,0xfe,0x00,
  0x00,0x00,0x1f,0xff,0xff,0xff,0xfc,0x00,
  0x00,0x00,0x1f,0xff,0xff,0xff,0xf0,0x00,
  0x00,0x00,0x3f,0xff,0xff,0xff,0xe0,0x00,
  0x00,0x00,0x3f,0xc0,0x07,0xff,0xc0,0x00,
  0x00,0x00,0x7f,0xc0,0x07,0xff,0x00,0x00,
  0x00,0x00,0xff,0x80,0x07,0xfc,0x00,0x00,
  0x00,0x03,0xff,0x80,0x07,0xf8,0x00,0x00,
  0x01,0xff,0xff,0x00,0x07,0xf0,0x00,0x00,
  0x01,0xff,0xfe,0x00,0x07,0xc0,0x00,0x00,
  0x01,0xff,0xfc,0x00,0x07,0x00,0x00,0x00,
  0x01,0xff,0xfc,0x00,0x0e,0x00,0x00,0x00,
  0x01,0xff,0xf0,0x00,0x0c,0x00,0x00,0x00,
  0x01,0xff,0xe0,0x00,0x00,0x00,0x00,0x00,
  0x01,0xff,0x80,0x00,0x00,0x00,0x00,0x00,
  0x01,0xfe,0x00,0x00,0x00,0x00,0x00,0x00,
  0x01,0xfe,0x00,0x00,0x00,0x00,0x00,0x00,
  0x01,0xfe,0x00,0x00,0x00,0x00,0x00,0x00,
  0x01,0xfe,0x00,0x00,0x00,0x00,0x00,0x00,
  0x01,0xfe,0x00,0x00,0x00,0x00,0x00,0x00,
  0x01,0xfe,0x00,0x00,0x00,0x00,0x00,0x00,
  0x01,0xfe,0x00,0x00,0x00,0x00,0x00,0x00,
  0x01,0xfe,0x00,0x00,0x00,0x00,0x00,0x00,
  0x01,0xfe,0x00,0x00,0x00,0x00,0x00,0x00,
  0x01,0xfe,0x00,0x00,0x00,0x00,0x00,0x00,
  0x01,0xfe,0x00,0x00,0x00,0x00,0x00,0x00,
  0x01,0xfe,0x00,0x00,0x00,0x00,0x00,0x00,
  0x01,0xfe,0x00,0x00,0x00,0x00,0x00,0x00,
  0x01,0xfe,0x00,0x00,0x00,0x00,0x00,0x00,
  0x01,0xfe,0x00,0x00,0x00,0x00,0x00,0x00,
  0x01,0xfe,0x00,0x00,0x00,0x00,0x00,0x00,
  0x01,0xfe,0x00,0x00,0x00,0x00,0x00,0x00,
  0x01,0xfe,0x00,0x00,0x00,0x00,0x00,0x00,
  0x01,0xfe,0x00,0x00,0x00,0x00,0x00,0x00,
};

static const uint8_t BMP_STAIRS[] PROGMEM = {
  0x00,0x00,0x00,0x00,0x00,0x00,0x00,0x00,
  0x00,0x00,0x00,0x00,0x01,0xff,0xff,0xf8,
  0x00,0x00,0x00,0x00,0x03,0xff,0xff,0xfc,
  0x00,0x00,0x00,0x00,0x07,0xff,0xff,0xfc,
  0x00,0x00,0x00,0x00,0x07,0xff,0xff,0xfc,
  0x00,0x00,0x00,0x00,0x07,0xff,0xff,0xfc,
  0x00,0x00,0x00,0x00,0x07,0xff,0xff,0xfc,
  0x00,0x00,0x00,0x00,0x07,0xff,0xff,0xfc,
  0x00,0x00,0x00,0x00,0x07,0xff,0xff,0xfc,
  0x00,0x00,0x00,0x00,0x07,0xff,0xff,0xfc,
  0x00,0x00,0x00,0x00,0x07,0xff,0xff,0xf8,
  0x00,0x00,0x00,0x00,0x07,0xfe,0x00,0x00,
  0x00,0x00,0x00,0x00,0x07,0xfe,0x00,0x00,
  0x00,0x00,0x00,0x00,0x07,0xfe,0x00,0x00,
  0x00,0x00,0x00,0x00,0x07,0xfe,0x00,0x00,
  0x00,0x00,0x00,0x00,0x07,0xfe,0x00,0x00,
  0x00,0x00,0x00,0x00,0x07,0xfe,0x00,0x00,
  0x00,0x00,0x00,0x00,0x1f,0xfe,0x00,0x00,
  0x00,0x00,0x3f,0xff,0xff,0xfe,0x00,0x00,
  0x00,0x00,0x7f,0xff,0xff,0xfe,0x00,0x00,
  0x00,0x00,0x7f,0xff,0xff,0xfe,0x00,0x00,
  0x00,0x00,0x7f,0xff,0xff,0xfe,0x00,0x00,
  0x00,0x00,0x7f,0xff,0xff,0xfe,0x00,0x00,
  0x00,0x00,0x7f,0xff,0xff,0xfe,0x00,0x00,
  0x00,0x00,0x7f,0xff,0xff,0xfe,0x00,0x00,
  0x00,0x00,0x7f,0xff,0xff,0xfe,0x00,0x00,
  0x00,0x00,0x7f,0xff,0xff,0xfc,0x00,0x00,
  0x00,0x00,0x7f,0xff,0xff,0xf0,0x00,0x00,
  0x00,0x00,0x7f,0xe0,0x00,0x00,0x00,0x00,
  0x00,0x00,0x7f,0xe0,0x00,0x00,0x00,0x00,
  0x00,0x00,0x7f,0xe0,0x00,0x00,0x00,0x00,
  0x00,0x00,0x7f,0xe0,0x00,0x00,0x00,0x00,
  0x00,0x00,0x7f,0xe0,0x00,0x00,0x00,0x00,
  0x00,0x00,0xff,0xe0,0x00,0x00,0x00,0x00,
  0x7f,0xff,0xff,0xe0,0x00,0x00,0x00,0x00,
  0xff,0xff,0xff,0xe0,0x00,0x00,0x00,0x00,
  0xff,0xff,0xff,0xe0,0x00,0x00,0x00,0x00,
  0xff,0xff,0xff,0xe0,0x00,0x00,0x00,0x00,
  0xff,0xff,0xff,0xe0,0x00,0x00,0x00,0x00,
  0xff,0xff,0xff,0xe0,0x00,0x00,0x00,0x00,
  0xff,0xff,0xff,0xe0,0x00,0x00,0x00,0x00,
  0xff,0xff,0xff,0xe0,0x00,0x00,0x00,0x00,
  0xff,0xff,0xff,0xc0,0x00,0x00,0x00,0x00,
  0xff,0xff,0xff,0x80,0x00,0x00,0x00,0x00,
  0x00,0x00,0x00,0x00,0x00,0x00,0x00,0x00,
  0x00,0x00,0x00,0x00,0x00,0x00,0x00,0x00,
};

static const uint8_t BMP_STAIRS_DOWN[] PROGMEM = {
  0x00,0x00,0x00,0x00,0x00,0x00,0x00,0x00,
  0xff,0xff,0xfe,0x00,0x00,0x00,0x00,0x00,
  0xff,0xff,0xff,0x00,0x00,0x00,0x00,0x00,
  0xff,0xff,0xff,0x80,0x00,0x00,0x00,0x00,
  0xff,0xff,0xff,0x80,0x00,0x00,0x00,0x00,
  0xff,0xff,0xff,0x80,0x00,0x00,0x00,0x00,
  0xff,0xff,0xff,0x80,0x00,0x00,0x00,0x00,
  0xff,0xff,0xff,0x80,0x00,0x00,0x00,0x00,
  0xff,0xff,0xff,0x80,0x00,0x00,0x00,0x00,
  0xff,0xff,0xff,0x80,0x00,0x00,0x00,0x00,
  0x7f,0xff,0xff,0x80,0x00,0x00,0x00,0x00,
  0x00,0x01,0xff,0x80,0x00,0x00,0x00,0x00,
  0x00,0x01,0xff,0x80,0x00,0x00,0x00,0x00,
  0x00,0x01,0xff,0x80,0x00,0x00,0x00,0x00,
  0x00,0x01,0xff,0x80,0x00,0x00,0x00,0x00,
  0x00,0x01,0xff,0x80,0x00,0x00,0x00,0x00,
  0x00,0x01,0xff,0x80,0x00,0x00,0x00,0x00,
  0x00,0x01,0xff,0xff,0xff,0xe0,0x00,0x00,
  0x00,0x01,0xff,0xff,0xff,0xf0,0x00,0x00,
  0x00,0x01,0xff,0xff,0xff,0xf8,0x00,0x00,
  0x00,0x01,0xff,0xff,0xff,0xf8,0x00,0x00,
  0x00,0x01,0xff,0xff,0xff,0xf8,0x00,0x00,
  0x00,0x01,0xff,0xff,0xff,0xf8,0x00,0x00,
  0x00,0x01,0xff,0xff,0xff,0xf8,0x00,0x00,
  0x00,0x01,0xff,0xff,0xff,0xf8,0x00,0x00,
  0x00,0x01,0xff,0xff,0xff,0xf8,0x00,0x00,
  0x00,0x00,0xff,0xff,0xff,0xf8,0x00,0x00,
  0x00,0x00,0x00,0x00,0x3f,0xf8,0x00,0x00,
  0x00,0x00,0x00,0x00,0x1f,0xf8,0x00,0x00,
  0x00,0x00,0x00,0x00,0x1f,0xf8,0x00,0x00,
  0x00,0x00,0x00,0x00,0x1f,0xf8,0x00,0x00,
  0x00,0x00,0x00,0x00,0x1f,0xf8,0x00,0x00,
  0x00,0x00,0x00,0x00,0x1f,0xf8,0x00,0x00,
  0x00,0x00,0x00,0x00,0x1f,0xfc,0x00,0x00,
  0x00,0x00,0x00,0x00,0x1f,0xff,0xff,0xf8,
  0x00,0x00,0x00,0x00,0x1f,0xff,0xff,0xfc,
  0x00,0x00,0x00,0x00,0x1f,0xff,0xff,0xfc,
  0x00,0x00,0x00,0x00,0x1f,0xff,0xff,0xfc,
  0x00,0x00,0x00,0x00,0x1f,0xff,0xff,0xfc,
  0x00,0x00,0x00,0x00,0x1f,0xff,0xff,0xfc,
  0x00,0x00,0x00,0x00,0x1f,0xff,0xff,0xfc,
  0x00,0x00,0x00,0x00,0x1f,0xff,0xff,0xfc,
  0x00,0x00,0x00,0x00,0x0f,0xff,0xff,0xfc,
  0x00,0x00,0x00,0x00,0x07,0xff,0xff,0xf8,
  0x00,0x00,0x00,0x00,0x00,0x00,0x00,0x00,
  0x00,0x00,0x00,0x00,0x00,0x00,0x00,0x00,
};

static const uint8_t BMP_STAIRS_UP[] PROGMEM = {
  0x00,0x00,0x00,0x00,0x00,0x00,0x00,0x00,
  0x00,0x00,0x00,0x00,0x01,0xff,0xff,0xfc,
  0x00,0x00,0x00,0x00,0x03,0xff,0xff,0xfc,
  0x00,0x00,0x00,0x00,0x07,0xff,0xff,0xfc,
  0x00,0x00,0x00,0x00,0x07,0xff,0xff,0xfc,
  0x00,0x00,0x00,0x00,0x07,0xff,0xff,0xfc,
  0x00,0x00,0x00,0x00,0x07,0xff,0xff,0xfc,
  0x00,0x00,0x00,0x00,0x07,0xff,0xff,0xfc,
  0x00,0x00,0x00,0x00,0x07,0xff,0xff,0xfc,
  0x00,0x00,0x00,0x00,0x07,0xff,0xff,0xfc,
  0x00,0x00,0x00,0x00,0x07,0xff,0xff,0xf8,
  0x00,0x00,0x00,0x00,0x07,0xfe,0x00,0x00,
  0x00,0x00,0x00,0x00,0x07,0xfe,0x00,0x00,
  0x00,0x00,0x00,0x00,0x07,0xfe,0x00,0x00,
  0x00,0x00,0x00,0x00,0x07,0xfe,0x00,0x00,
  0x00,0x00,0x00,0x00,0x07,0xfe,0x00,0x00,
  0x00,0x00,0x00,0x00,0x07,0xfe,0x00,0x00,
  0x00,0x00,0x0f,0xff,0xff,0xfe,0x00,0x00,
  0x00,0x00,0x3f,0xff,0xff,0xfe,0x00,0x00,
  0x00,0x00,0x7f,0xff,0xff,0xfe,0x00,0x00,
  0x00,0x00,0x7f,0xff,0xff,0xfe,0x00,0x00,
  0x00,0x00,0x7f,0xff,0xff,0xfe,0x00,0x00,
  0x00,0x00,0x7f,0xff,0xff,0xfe,0x00,0x00,
  0x00,0x00,0x7f,0xff,0xff,0xfe,0x00,0x00,
  0x00,0x00,0x7f,0xff,0xff,0xfe,0x00,0x00,
  0x00,0x00,0x7f,0xff,0xff,0xfe,0x00,0x00,
  0x00,0x00,0x7f,0xff,0xff,0xfc,0x00,0x00,
  0x00,0x00,0x7f,0xff,0xff,0xf0,0x00,0x00,
  0x00,0x00,0x7f,0xe0,0x00,0x00,0x00,0x00,
  0x00,0x00,0x7f,0xe0,0x00,0x00,0x00,0x00,
  0x00,0x00,0x7f,0xe0,0x00,0x00,0x00,0x00,
  0x00,0x00,0x7f,0xe0,0x00,0x00,0x00,0x00,
  0x00,0x00,0x7f,0xe0,0x00,0x00,0x00,0x00,
  0x00,0x00,0xff,0xe0,0x00,0x00,0x00,0x00,
  0x7f,0xff,0xff,0xe0,0x00,0x00,0x00,0x00,
  0xff,0xff,0xff,0xe0,0x00,0x00,0x00,0x00,
  0xff,0xff,0xff,0xe0,0x00,0x00,0x00,0x00,
  0xff,0xff,0xff,0xe0,0x00,0x00,0x00,0x00,
  0xff,0xff,0xff,0xe0,0x00,0x00,0x00,0x00,
  0xff,0xff,0xff,0xe0,0x00,0x00,0x00,0x00,
  0xff,0xff,0xff,0xe0,0x00,0x00,0x00,0x00,
  0xff,0xff,0xff,0xe0,0x00,0x00,0x00,0x00,
  0xff,0xff,0xff,0xc0,0x00,0x00,0x00,0x00,
  0xff,0xff,0xff,0x80,0x00,0x00,0x00,0x00,
  0x00,0x00,0x00,0x00,0x00,0x00,0x00,0x00,
  0x00,0x00,0x00,0x00,0x00,0x00,0x00,0x00,
};

static const uint8_t BMP_START[] PROGMEM = {
  0x00,0x00,0x00,0x02,0x00,0x00,0x00,0x00,
  0x00,0x00,0x00,0x07,0x00,0x00,0x00,0x00,
  0x00,0x00,0x00,0x07,0x00,0x00,0x00,0x00,
  0x00,0x00,0x00,0x0f,0x80,0x00,0x00,0x00,
  0x00,0x00,0x00,0x1f,0xc0,0x00,0x00,0x00,
  0x00,0x00,0x00,0x1f,0xc0,0x00,0x00,0x00,
  0x00,0x00,0x00,0x3f,0xe0,0x00,0x00,0x00,
  0x00,0x00,0x00,0x7f,0xf0,0x00,0x00,0x00,
  0x00,0x00,0x00,0x7f,0xf0,0x00,0x00,0x00,
  0x00,0x00,0x00,0xff,0xf8,0x00,0x00,0x00,
  0x00,0x00,0x01,0xff,0xfc,0x00,0x00,0x00,
  0x00,0x00,0x01,0xff,0xfc,0x00,0x00,0x00,
  0x00,0x00,0x03,0xff,0xfe,0x00,0x00,0x00,
  0x00,0x00,0x07,0xff,0xff,0x00,0x00,0x00,
  0x00,0x00,0x07,0xff,0xff,0x00,0x00,0x00,
  0x00,0x00,0x0c,0x1f,0xc1,0x80,0x00,0x00,
  0x00,0x00,0x00,0x1f,0xc0,0x00,0x00,0x00,
  0x00,0x00,0x00,0x1f,0xc0,0x00,0x00,0x00,
  0x00,0x00,0x00,0x1f,0xc0,0x00,0x00,0x00,
  0x00,0x00,0x00,0x1f,0xc0,0x00,0x00,0x00,
  0x00,0x00,0x00,0x1f,0xc0,0x00,0x00,0x00,
  0x00,0x00,0x00,0x1f,0xc0,0x00,0x00,0x00,
  0x00,0x00,0x00,0x1f,0xc0,0x00,0x00,0x00,
  0x00,0x00,0x00,0x1f,0xc0,0x00,0x00,0x00,
  0x00,0x00,0x00,0x1f,0xc0,0x00,0x00,0x00,
  0x00,0x00,0x00,0x1f,0xc0,0x00,0x00,0x00,
  0x00,0x00,0x00,0x1f,0xc0,0x00,0x00,0x00,
  0x00,0x00,0x00,0x1f,0xc0,0x00,0x00,0x00,
  0x00,0x00,0x00,0x1f,0xc0,0x00,0x00,0x00,
  0x00,0x00,0x00,0x1f,0xc0,0x00,0x00,0x00,
  0x00,0x00,0x00,0x1f,0xc0,0x00,0x00,0x00,
  0x00,0x00,0x00,0x1f,0xc0,0x00,0x00,0x00,
  0x00,0x00,0x00,0x1f,0xc0,0x00,0x00,0x00,
  0x00,0x00,0x00,0x1f,0xc0,0x00,0x00,0x00,
  0x00,0x00,0x00,0x1f,0xc0,0x00,0x00,0x00,
  0x00,0x00,0x00,0x1f,0xc0,0x00,0x00,0x00,
  0x00,0x00,0x00,0x1f,0xc0,0x00,0x00,0x00,
  0x00,0x00,0x00,0x1f,0xc0,0x00,0x00,0x00,
  0x00,0x00,0x00,0x1f,0xc0,0x00,0x00,0x00,
  0x00,0x00,0x00,0x1f,0xc0,0x00,0x00,0x00,
  0x00,0x00,0x00,0x1f,0xc0,0x00,0x00,0x00,
  0x00,0x00,0x00,0x1f,0xc0,0x00,0x00,0x00,
  0x00,0x00,0x00,0x1f,0xc0,0x00,0x00,0x00,
  0x00,0x00,0x00,0x1f,0xc0,0x00,0x00,0x00,
  0x00,0x00,0x00,0x1f,0xc0,0x00,0x00,0x00,
  0x00,0x00,0x00,0x1f,0xc0,0x00,0x00,0x00,
};

static const uint8_t BMP_STARTA[] PROGMEM = {
  0x00,0x00,0x00,0x3f,0xe0,0x00,0x00,0x00,
  0x00,0x00,0x00,0x7f,0xf0,0x00,0x00,0x00,
  0x00,0x00,0x00,0x7f,0xf0,0x00,0x00,0x00,
  0x00,0x00,0x00,0x7f,0xf8,0x00,0x00,0x00,
  0x00,0x00,0x00,0xff,0xf8,0x00,0x00,0x00,
  0x00,0x00,0x00,0xff,0xf8,0x00,0x00,0x00,
  0x00,0x00,0x01,0xff,0xfc,0x00,0x00,0x00,
  0x00,0x00,0x01,0xff,0xfc,0x00,0x00,0x00,
  0x00,0x00,0x01,0xff,0xfc,0x00,0x00,0x00,
  0x00,0x00,0x01,0xff,0xfc,0x00,0x00,0x00,
  0x00,0x00,0x03,0xff,0xfe,0x00,0x00,0x00,
  0x00,0x00,0x03,0xff,0xfe,0x00,0x00,0x00,
  0x00,0x00,0x03,0xfd,0xfe,0x00,0x00,0x00,
  0x00,0x00,0x07,0xfd,0xff,0x00,0x00,0x00,
  0x00,0x00,0x07,0xfc,0xff,0x00,0x00,0x00,
  0x00,0x00,0x0f,0xf8,0xff,0x80,0x00,0x00,
  0x00,0x00,0x0f,0xf8,0xff,0x80,0x00,0x00,
  0x00,0x00,0x0f,0xf0,0x7f,0x80,0x00,0x00,
  0x00,0x00,0x1f,0xf0,0x7f,0xc0,0x00,0x00,
  0x00,0x00,0x1f,0xf0,0x7f,0xc0,0x00,0x00,
  0x00,0x00,0x1f,0xe0,0x3f,0xe0,0x00,0x00,
  0x00,0x00,0x3f,0xe0,0x3f,0xe0,0x00,0x00,
  0x00,0x00,0x3f,0xe0,0x3f,0xe0,0x00,0x00,
  0x00,0x00,0x7f,0xc0,0x1f,0xf0,0x00,0x00,
  0x00,0x00,0x7f,0xc0,0x1f,0xf0,0x00,0x00,
  0x00,0x00,0x7f,0xc0,0x1f,0xf0,0x00,0x00,
  0x00,0x00,0xff,0x80,0x0f,0xf8,0x00,0x00,
  0x00,0x00,0xff,0x80,0x0f,0xf8,0x00,0x00,
  0x00,0x00,0xff,0x80,0x0f,0xfc,0x00,0x00,
  0x00,0x01,0xff,0xff,0xff,0xfc,0x00,0x00,
  0x00,0x01,0xff,0xff,0xff,0xfc,0x00,0x00,
  0x00,0x03,0xff,0xff,0xff,0xfe,0x00,0x00,
  0x00,0x03,0xff,0xff,0xff,0xfe,0x00,0x00,
  0x00,0x03,0xff,0xff,0xff,0xff,0x00,0x00,
  0x00,0x07,0xff,0xff,0xff,0xff,0x00,0x00,
  0x00,0x07,0xff,0xff,0xff,0xff,0x00,0x00,
  0x00,0x0f,0xfc,0x00,0x01,0xff,0x80,0x00,
  0x00,0x0f,0xfc,0x00,0x01,0xff,0x80,0x00,
  0x00,0x0f,0xfc,0x00,0x01,0xff,0xc0,0x00,
  0x00,0x1f,0xf8,0x00,0x00,0xff,0xc0,0x00,
  0x00,0x1f,0xf8,0x00,0x00,0xff,0xc0,0x00,
  0x00,0x1f,0xf8,0x00,0x00,0xff,0xe0,0x00,
  0x00,0x3f,0xf0,0x00,0x00,0x7f,0xe0,0x00,
  0x00,0x3f,0xf0,0x00,0x00,0x7f,0xe0,0x00,
  0x00,0x7f,0xf0,0x00,0x00,0x7f,0xf0,0x00,
  0x00,0x7f,0xe0,0x00,0x00,0x3f,0xf0,0x00,
};

static const uint8_t BMP_TO[] PROGMEM = {
  0x00,0x03,0xff,0xff,0xf8,0x00,0x00,0x00,
  0x00,0x03,0xff,0xff,0xff,0x00,0x00,0x00,
  0x00,0x03,0xff,0xff,0xff,0xc0,0x00,0x00,
  0x00,0x03,0xff,0xff,0xff,0xe0,0x00,0x00,
  0x00,0x03,0xff,0xff,0xff,0xf0,0x00,0x00,
  0x00,0x03,0xff,0xff,0xff,0xf8,0x00,0x00,
  0x00,0x03,0xff,0xff,0xff,0xfc,0x00,0x00,
  0x00,0x03,0xfe,0x00,0x7f,0xfc,0x00,0x00,
  0x00,0x03,0xfe,0x00,0x1f,0xfe,0x00,0x00,
  0x00,0x03,0xfe,0x00,0x07,0xfe,0x00,0x00,
  0x00,0x03,0xfe,0x00,0x07,0xfe,0x00,0x00,
  0x00,0x03,0xfe,0x00,0x03,0xfe,0x00,0x00,
  0x00,0x03,0xfe,0x00,0x03,0xfe,0x00,0x00,
  0x00,0x03,0xfe,0x00,0x03,0xfe,0x00,0x00,
  0x00,0x03,0xfe,0x00,0x03,0xfe,0x00,0x00,
  0x00,0x03,0xfe,0x00,0x07,0xfe,0x00,0x00,
  0x00,0x03,0xfe,0x00,0x07,0xfc,0x00,0x00,
  0x00,0x03,0xfe,0x00,0x0f,0xfc,0x00,0x00,
  0x00,0x03,0xfe,0x00,0x3f,0xf8,0x00,0x00,
  0x00,0x03,0xff,0xff,0xff,0xf8,0x00,0x00,
  0x00,0x03,0xff,0xff,0xff,0xe0,0x00,0x00,
  0x00,0x03,0xff,0xff,0xff,0xc0,0x00,0x00,
  0x00,0x03,0xff,0xff,0xff,0xc0,0x00,0x00,
  0x00,0x03,0xff,0xff,0xff,0xe0,0x00,0x00,
  0x00,0x03,0xff,0xff,0xff,0xf8,0x00,0x00,
  0x00,0x03,0xff,0xff,0xff,0xfc,0x00,0x00,
  0x00,0x03,0xfe,0x00,0x0f,0xfe,0x00,0x00,
  0x00,0x03,0xfe,0x00,0x07,0xfe,0x00,0x00,
  0x00,0x03,0xfe,0x00,0x03,0xff,0x00,0x00,
  0x00,0x03,0xfe,0x00,0x03,0xff,0x00,0x00,
  0x00,0x03,0xfe,0x00,0x01,0xff,0x00,0x00,
  0x00,0x03,0xfe,0x00,0x01,0xff,0x00,0x00,
  0x00,0x03,0xfe,0x00,0x01,0xff,0x00,0x00,
  0x00,0x03,0xfe,0x00,0x01,0xff,0x00,0x00,
  0x00,0x03,0xfe,0x00,0x03,0xff,0x00,0x00,
  0x00,0x03,0xfe,0x00,0x03,0xff,0x00,0x00,
  0x00,0x03,0xfe,0x00,0x07,0xff,0x00,0x00,
  0x00,0x03,0xfe,0x00,0x1f,0xfe,0x00,0x00,
  0x00,0x03,0xff,0x00,0x7f,0xfe,0x00,0x00,
  0x00,0x03,0xff,0xff,0xff,0xfe,0x00,0x00,
  0x00,0x03,0xff,0xff,0xff,0xfc,0x00,0x00,
  0x00,0x03,0xff,0xff,0xff,0xf8,0x00,0x00,
  0x00,0x03,0xff,0xff,0xff,0xf0,0x00,0x00,
  0x00,0x03,0xff,0xff,0xff,0xe0,0x00,0x00,
  0x00,0x03,0xff,0xff,0xff,0x00,0x00,0x00,
  0x00,0x03,0xff,0xff,0xf8,0x00,0x00,0x00,
};

static const uint8_t BMP_TORUS[] PROGMEM = {
  0x00,0x07,0xff,0xff,0xff,0xe0,0x00,0x00,
  0x00,0x07,0xff,0xff,0xff,0xe0,0x00,0x00,
  0x00,0x07,0xff,0xff,0xff,0xe0,0x00,0x00,
  0x00,0x07,0xff,0xff,0xff,0xe0,0x00,0x00,
  0x00,0x07,0xff,0xff,0xff,0xe0,0x00,0x00,
  0x00,0x07,0xff,0xff,0xff,0xe0,0x00,0x00,
  0x00,0x07,0xff,0xff,0xff,0xe0,0x00,0x00,
  0x00,0x07,0xfc,0x00,0x00,0x00,0x00,0x00,
  0x00,0x07,0xfc,0x00,0x00,0x00,0x00,0x00,
  0x00,0x07,0xfc,0x00,0x00,0x00,0x00,0x00,
  0x00,0x07,0xfc,0x00,0x00,0x00,0x00,0x00,
  0x00,0x07,0xfc,0x00,0x00,0x00,0x00,0x00,
  0x00,0x07,0xfc,0x00,0x00,0x00,0x00,0x00,
  0x00,0x07,0xfc,0x00,0x00,0x00,0x00,0x00,
  0x00,0x07,0xfc,0x00,0x00,0x00,0x00,0x00,
  0x00,0x07,0xfc,0x00,0x00,0x00,0x00,0x00,
  0x00,0x07,0xfe,0x00,0x00,0x00,0x00,0x00,
  0x00,0x07,0xff,0xff,0xfc,0x00,0x00,0x00,
  0x00,0x07,0xff,0xff,0xfe,0x00,0x00,0x00,
  0x00,0x07,0xff,0xff,0xff,0xc0,0x00,0x00,
  0x00,0x07,0xff,0xff,0xff,0xe0,0x00,0x00,
  0x00,0x07,0xff,0xff,0xff,0xf0,0x00,0x00,
  0x00,0x07,0xff,0xff,0xff,0xf8,0x00,0x00,
  0x00,0x07,0xff,0xff,0xff,0xf8,0x00,0x00,
  0x00,0x07,0xfc,0x00,0xff,0xfc,0x00,0x00,
  0x00,0x07,0xfc,0x00,0x1f,0xfe,0x00,0x00,
  0x00,0x07,0xfc,0x00,0x0f,0xfe,0x00,0x00,
  0x00,0x07,0xfc,0x00,0x03,0xff,0x00,0x00,
  0x00,0x07,0xfc,0x00,0x03,0xff,0x00,0x00,
  0x00,0x07,0xfc,0x00,0x03,0xff,0x00,0x00,
  0x00,0x07,0xfc,0x00,0x03,0xff,0x00,0x00,
  0x00,0x07,0xfc,0x00,0x03,0xff,0x00,0x00,
  0x00,0x07,0xfc,0x00,0x03,0xff,0x00,0x00,
  0x00,0x07,0xfc,0x00,0x03,0xff,0x00,0x00,
  0x00,0x07,0xfc,0x00,0x03,0xff,0x00,0x00,
  0x00,0x07,0xfc,0x00,0x07,0xfe,0x00,0x00,
  0x00,0x07,0xfc,0x00,0x0f,0xfe,0x00,0x00,
  0x00,0x07,0xfc,0x00,0x3f,0xfe,0x00,0x00,
  0x00,0x07,0xfc,0x00,0xff,0xfc,0x00,0x00,
  0x00,0x07,0xff,0xff,0xff,0xf8,0x00,0x00,
  0x00,0x07,0xff,0xff,0xff,0xf8,0x00,0x00,
  0x00,0x07,0xff,0xff,0xff,0xf0,0x00,0x00,
  0x00,0x07,0xff,0xff,0xff,0xc0,0x00,0x00,
  0x00,0x07,0xff,0xff,0xff,0x80,0x00,0x00,
  0x00,0x07,0xff,0xff,0xfe,0x00,0x00,0x00,
  0x00,0x07,0xff,0xff,0xf0,0x00,0x00,0x00,
};

static const uint8_t BMP_TOLL_ROAD[] PROGMEM = {
  0x00,0x00,0x00,0x3f,0xfc,0x00,0x00,0x00,
  0x00,0x00,0x01,0xff,0xff,0x00,0x00,0x00,
  0x00,0x00,0x07,0xff,0xff,0xe0,0x00,0x00,
  0x00,0x00,0x1f,0xff,0xff,0xf0,0x00,0x00,
  0x00,0x00,0x3f,0xff,0xff,0xfc,0x00,0x00,
  0x00,0x00,0x7f,0xff,0xff,0xfe,0x00,0x00,
  0x00,0x00,0xff,0xff,0xff,0xff,0x00,0x00,
  0x00,0x01,0xff,0xff,0xff,0xff,0x80,0x00,
  0x00,0x03,0xff,0xff,0xff,0xff,0xc0,0x00,
  0x00,0x07,0xff,0xff,0xff,0xff,0xe0,0x00,
  0x00,0x0f,0xff,0xff,0xff,0xff,0xe0,0x00,
  0x00,0x0f,0xff,0xff,0xff,0xff,0xf0,0x00,
  0x00,0x1f,0xff,0xff,0xff,0xff,0xf8,0x00,
  0x00,0x3f,0xfc,0x1f,0xf8,0x3f,0xf8,0x00,
  0x00,0x3f,0xf0,0x0f,0xe0,0x1f,0xf8,0x00,
  0x00,0x3f,0xe0,0x07,0xc0,0x0f,0xfc,0x00,
  0x00,0x3f,0xe0,0x03,0xc0,0x0f,0xfc,0x00,
  0x00,0x7f,0xc3,0xc3,0x80,0x07,0xfe,0x00,
  0x00,0x7f,0xc3,0xe1,0x80,0x07,0xfe,0x00,
  0x00,0x7f,0xc7,0xe1,0x80,0x07,0xfe,0x00,
  0x00,0x7f,0xff,0xc3,0x80,0x03,0xfe,0x00,
  0x00,0x7f,0xff,0xc3,0x00,0x03,0xfe,0x00,
  0x00,0xff,0xff,0x87,0x00,0x03,0xfe,0x00,
  0x00,0xff,0xff,0x07,0x00,0x03,0xfe,0x00,
  0x00,0x7f,0xfc,0x0f,0x00,0x03,0xfe,0x00,
  0x00,0x7f,0xf8,0x1f,0x80,0x03,0xfe,0x00,
  0x00,0x7f,0xf0,0x7f,0x80,0x07,0xfe,0x00,
  0x00,0x7f,0xe0,0xff,0x80,0x07,0xfe,0x00,
  0x00,0x7f,0xe1,0xff,0x80,0x07,0xfe,0x00,
  0x00,0x3f,0xc0,0x01,0xc0,0x0f,0xfc,0x00,
  0x00,0x3f,0xc0,0x01,0xc0,0x0f,0xfc,0x00,
  0x00,0x3f,0xc0,0x01,0xe0,0x1f,0xf8,0x00,
  0x00,0x3f,0xc0,0x03,0xf0,0x3f,0xf8,0x00,
  0x00,0x1f,0xff,0xff,0xff,0xff,0xf8,0x00,
  0x00,0x0f,0xff,0xff,0xff,0xff,0xf0,0x00,
  0x00,0x0f,0xff,0xff,0xff,0xff,0xe0,0x00,
  0x00,0x07,0xff,0xff,0xff,0xff,0xe0,0x00,
  0x00,0x03,0xff,0xff,0xff,0xff,0xc0,0x00,
  0x00,0x01,0xff,0xff,0xff,0xff,0x80,0x00,
  0x00,0x00,0xff,0xff,0xff,0xff,0x00,0x00,
  0x00,0x00,0x7f,0xff,0xff,0xfe,0x00,0x00,
  0x00,0x00,0x3f,0xff,0xff,0xfc,0x00,0x00,
  0x00,0x00,0x1f,0xff,0xff,0xf0,0x00,0x00,
  0x00,0x00,0x07,0xff,0xff,0xe0,0x00,0x00,
  0x00,0x00,0x01,0xff,0xff,0x00,0x00,0x00,
  0x00,0x00,0x00,0x3f,0xfc,0x00,0x00,0x00,
};

static const uint8_t BMP_TURN_OVER[] PROGMEM = {
  0x00,0x00,0x00,0x01,0xfc,0x00,0x00,0x00,
  0x00,0x00,0x00,0x0f,0xff,0x00,0x00,0x00,
  0x00,0x00,0x00,0x1f,0xff,0xc0,0x00,0x00,
  0x00,0x00,0x00,0x7f,0xff,0xf0,0x00,0x00,
  0x00,0x00,0x00,0xff,0xff,0xf8,0x00,0x00,
  0x00,0x00,0x01,0xff,0xff,0xf8,0x00,0x00,
  0x00,0x00,0x01,0xff,0xff,0xfc,0x00,0x00,
  0x00,0x00,0x03,0xfe,0x03,0xfe,0x00,0x00,
  0x00,0x00,0x03,0xfc,0x01,0xfe,0x00,0x00,
  0x00,0x00,0x07,0xf8,0x00,0xfe,0x00,0x00,
  0x00,0x00,0x07,0xf0,0x00,0x7f,0x00,0x00,
  0x00,0x00,0x07,0xf0,0x00,0x7f,0x00,0x00,
  0x00,0x00,0x07,0xe0,0x00,0x7f,0x00,0x00,
  0x00,0x00,0x07,0xe0,0x00,0x7f,0x00,0x00,
  0x00,0x00,0x07,0xe0,0x00,0x7f,0x00,0x00,
  0x00,0x00,0x07,0xe0,0x00,0x7f,0x00,0x00,
  0x00,0x00,0x07,0xe0,0x00,0x7f,0x00,0x00,
  0x00,0x00,0x07,0xe0,0x00,0x7f,0x00,0x00,
  0x00,0x00,0x07,0xe0,0x00,0x7f,0x00,0x00,
  0x00,0x00,0x07,0xe0,0x00,0x7f,0x00,0x00,
  0x00,0x00,0x07,0xe0,0x00,0x7f,0x00,0x00,
  0x00,0x07,0x07,0xe0,0xe0,0x7f,0x00,0x00,
  0x00,0x07,0xff,0xff,0xe0,0x7f,0x00,0x00,
  0x00,0x03,0xff,0xff,0xc0,0x7f,0x00,0x00,
  0x00,0x01,0xff,0xff,0x80,0x7f,0x00,0x00,
  0x00,0x01,0xff,0xff,0x80,0x7f,0x00,0x00,
  0x00,0x00,0xff,0xff,0x00,0x7f,0x00,0x00,
  0x00,0x00,0x7f,0xfe,0x00,0x7f,0x00,0x00,
  0x00,0x00,0x3f,0xfc,0x00,0x7f,0x00,0x00,
  0x00,0x00,0x3f,0xfc,0x00,0x7f,0x00,0x00,
  0x00,0x00,0x1f,0xf8,0x00,0x7f,0x00,0x00,
  0x00,0x00,0x0f,0xf8,0x00,0x7f,0x00,0x00,
  0x00,0x00,0x0f,0xf0,0x00,0x7f,0x00,0x00,
  0x00,0x00,0x07,0xe0,0x00,0x7f,0x00,0x00,
  0x00,0x00,0x03,0xc0,0x00,0x7f,0x00,0x00,
  0x00,0x00,0x03,0xc0,0x00,0x7f,0x00,0x00,
  0x00,0x00,0x01,0x80,0x00,0x7f,0x00,0x00,
  0x00,0x00,0x00,0x00,0x00,0x7f,0x00,0x00,
  0x00,0x00,0x00,0x00,0x00,0x7f,0x00,0x00,
  0x00,0x00,0x00,0x00,0x00,0x7f,0x00,0x00,
  0x00,0x00,0x00,0x00,0x00,0x7f,0x00,0x00,
  0x00,0x00,0x00,0x00,0x00,0x7f,0x00,0x00,
  0x00,0x00,0x00,0x00,0x00,0x7f,0x00,0x00,
  0x00,0x00,0x00,0x00,0x00,0x7f,0x00,0x00,
  0x00,0x00,0x00,0x00,0x00,0x7f,0x00,0x00,
  0x00,0x00,0x00,0x00,0x00,0x7f,0x00,0x00,
};

static const uint8_t BMP_TURN_OVER_LEFT_HAND[] PROGMEM = {
  0x00,0x00,0x03,0xfc,0x00,0x00,0x00,0x00,
  0x00,0x00,0x0f,0xff,0x80,0x00,0x00,0x00,
  0x00,0x00,0x3f,0xff,0xe0,0x00,0x00,0x00,
  0x00,0x00,0x7f,0xff,0xf0,0x00,0x00,0x00,
  0x00,0x00,0xff,0xff,0xf8,0x00,0x00,0x00,
  0x00,0x01,0xff,0xff,0xfc,0x00,0x00,0x00,
  0x00,0x03,0xff,0xff,0xfc,0x00,0x00,0x00,
  0x00,0x03,0xff,0x07,0xfe,0x00,0x00,0x00,
  0x00,0x07,0xfc,0x01,0xff,0x00,0x00,0x00,
  0x00,0x07,0xf8,0x00,0xff,0x00,0x00,0x00,
  0x00,0x07,0xf0,0x00,0x7f,0x00,0x00,0x00,
  0x00,0x0f,0xe0,0x00,0x7f,0x80,0x00,0x00,
  0x00,0x0f,0xe0,0x00,0x3f,0x80,0x00,0x00,
  0x00,0x0f,0xe0,0x00,0x3f,0x80,0x00,0x00,
  0x00,0x0f,0xe0,0x00,0x3f,0x80,0x00,0x00,
  0x00,0x0f,0xe0,0x00,0x3f,0x80,0x00,0x00,
  0x00,0x0f,0xe0,0x00,0x3f,0x80,0x00,0x00,
  0x00,0x0f,0xe0,0x00,0x3f,0x80,0x00,0x00,
  0x00,0x0f,0xe0,0x00,0x3f,0x80,0x00,0x00,
  0x00,0x0f,0xe0,0x00,0x3f,0x80,0x00,0x00,
  0x00,0x0f,0xe0,0x00,0x3f,0x80,0x00,0x00,
  0x00,0x0f,0xe0,0x00,0x3f,0x80,0x00,0x00,
  0x00,0x0f,0xe0,0x20,0x3f,0x80,0x80,0x00,
  0x00,0x0f,0xe0,0x3f,0xff,0xff,0x80,0x00,
  0x00,0x0f,0xe0,0x1f,0xff,0xff,0x00,0x00,
  0x00,0x0f,0xe0,0x1f,0xff,0xfe,0x00,0x00,
  0x00,0x0f,0xe0,0x0f,0xff,0xfc,0x00,0x00,
  0x00,0x0f,0xe0,0x07,0xff,0xfc,0x00,0x00,
  0x00,0x0f,0xe0,0x07,0xff,0xf8,0x00,0x00,
  0x00,0x0f,0xe0,0x03,0xff,0xf8,0x00,0x00,
  0x00,0x0f,0xe0,0x01,0xff,0xf0,0x00,0x00,
  0x00,0x0f,0xe0,0x00,0xff,0xe0,0x00,0x00,
  0x00,0x0f,0xe0,0x00,0xff,0xe0,0x00,0x00,
  0x00,0x0f,0xe0,0x00,0x7f,0xc0,0x00,0x00,
  0x00,0x0f,0xe0,0x00,0x3f,0x80,0x00,0x00,
  0x00,0x0f,0xe0,0x00,0x3f,0x00,0x00,0x00,
  0x00,0x0f,0xe0,0x00,0x1f,0x00,0x00,0x00,
  0x00,0x0f,0xe0,0x00,0x0e,0x00,0x00,0x00,
  0x00,0x0f,0xe0,0x00,0x0c,0x00,0x00,0x00,
  0x00,0x0f,0xe0,0x00,0x04,0x00,0x00,0x00,
  0x00,0x0f,0xe0,0x00,0x00,0x00,0x00,0x00,
  0x00,0x0f,0xe0,0x00,0x00,0x00,0x00,0x00,
  0x00,0x0f,0xe0,0x00,0x00,0x00,0x00,0x00,
  0x00,0x0f,0xe0,0x00,0x00,0x00,0x00,0x00,
  0x00,0x0f,0xe0,0x00,0x00,0x00,0x00,0x00,
  0x00,0x0f,0xe0,0x00,0x00,0x00,0x00,0x00,
};

static const uint8_t BMP_TURN_OVER_RIGHT_HAND[] PROGMEM = {
  0x00,0x00,0x00,0x03,0xfe,0x00,0x00,0x00,
  0x00,0x00,0x00,0x0f,0xff,0x80,0x00,0x00,
  0x00,0x00,0x00,0x3f,0xff,0xe0,0x00,0x00,
  0x00,0x00,0x00,0x7f,0xff,0xf0,0x00,0x00,
  0x00,0x00,0x00,0xff,0xff,0xf8,0x00,0x00,
  0x00,0x00,0x01,0xff,0xff,0xfc,0x00,0x00,
  0x00,0x00,0x01,0xff,0xff,0xfe,0x00,0x00,
  0x00,0x00,0x03,0xff,0x07,0xfe,0x00,0x00,
  0x00,0x00,0x07,0xfc,0x01,0xff,0x00,0x00,
  0x00,0x00,0x07,0xf8,0x00,0xff,0x00,0x00,
  0x00,0x00,0x07,0xf8,0x00,0x7f,0x00,0x00,
  0x00,0x00,0x0f,0xf0,0x00,0x3f,0x80,0x00,
  0x00,0x00,0x0f,0xf0,0x00,0x3f,0x80,0x00,
  0x00,0x00,0x0f,0xf0,0x00,0x3f,0x80,0x00,
  0x00,0x00,0x0f,0xe0,0x00,0x3f,0x80,0x00,
  0x00,0x00,0x0f,0xe0,0x00,0x3f,0x80,0x00,
  0x00,0x00,0x0f,0xe0,0x00,0x3f,0x80,0x00,
  0x00,0x00,0x0f,0xe0,0x00,0x3f,0x80,0x00,
  0x00,0x00,0x0f,0xe0,0x00,0x3f,0x80,0x00,
  0x00,0x00,0x0f,0xe0,0x00,0x3f,0x80,0x00,
  0x00,0x00,0x0f,0xe0,0x00,0x3f,0x80,0x00,
  0x00,0x00,0x0f,0xe0,0x00,0x3f,0x80,0x00,
  0x00,0x00,0x0f,0xe0,0x30,0x3f,0x80,0x00,
  0x00,0x07,0xff,0xff,0xe0,0x3f,0x80,0x00,
  0x00,0x07,0xff,0xff,0xc0,0x3f,0x80,0x00,
  0x00,0x03,0xff,0xff,0xc0,0x3f,0x80,0x00,
  0x00,0x01,0xff,0xff,0x80,0x3f,0x80,0x00,
  0x00,0x01,0xff,0xff,0x00,0x3f,0x80,0x00,
  0x00,0x00,0xff,0xff,0x00,0x3f,0x80,0x00,
  0x00,0x00,0x7f,0xfe,0x00,0x3f,0x80,0x00,
  0x00,0x00,0x7f,0xfc,0x00,0x3f,0x80,0x00,
  0x00,0x00,0x3f,0xfc,0x00,0x3f,0x80,0x00,
  0x00,0x00,0x1f,0xf8,0x00,0x3f,0x80,0x00,
  0x00,0x00,0x1f,0xf0,0x00,0x3f,0x80,0x00,
  0x00,0x00,0x0f,0xf0,0x00,0x3f,0x80,0x00,
  0x00,0x00,0x07,0xe0,0x00,0x3f,0x80,0x00,
  0x00,0x00,0x03,0xc0,0x00,0x3f,0x80,0x00,
  0x00,0x00,0x03,0xc0,0x00,0x3f,0x80,0x00,
  0x00,0x00,0x01,0x80,0x00,0x3f,0x80,0x00,
  0x00,0x00,0x00,0x00,0x00,0x3f,0x80,0x00,
  0x00,0x00,0x00,0x00,0x00,0x3f,0x80,0x00,
  0x00,0x00,0x00,0x00,0x00,0x3f,0x80,0x00,
  0x00,0x00,0x00,0x00,0x00,0x3f,0x80,0x00,
  0x00,0x00,0x00,0x00,0x00,0x3f,0x80,0x00,
  0x00,0x00,0x00,0x00,0x00,0x3f,0x80,0x00,
  0x00,0x00,0x00,0x00,0x00,0x3f,0x80,0x00,
};

struct GisManeuverBmp {
  const char *codename;
  const uint8_t *bmp;
};

static const GisManeuverBmp GIS_MANEUVER_BMPS[] = {
  {"bad_road", BMP_BAD_ROAD},
  {"barrier", BMP_BARRIER},
  {"car_road", BMP_CAR_ROAD},
  {"crossroad_keep_left", BMP_CROSSROAD_KEEP_LEFT},
  {"crossroad_keep_right", BMP_CROSSROAD_KEEP_RIGHT},
  {"crossroad_left", BMP_CROSSROAD_LEFT},
  {"crossroad_right", BMP_CROSSROAD_RIGHT},
  {"crossroad_sharply_left", BMP_CROSSROAD_SHARPLY_LEFT},
  {"crossroad_sharply_right", BMP_CROSSROAD_SHARPLY_RIGHT},
  {"crossroad_slightly_left", BMP_CROSSROAD_SLIGHTLY_LEFT},
  {"crossroad_slightly_right", BMP_CROSSROAD_SLIGHTLY_RIGHT},
  {"crossroad_straight", BMP_CROSSROAD_STRAIGHT},
  {"crossroad_uturn", BMP_CROSSROAD_UTURN},
  {"dirt_road", BMP_DIRT_ROAD},
  {"finish", BMP_FINISH},
  {"from", BMP_FROM},
  {"gate", BMP_GATE},
  {"left_ring_exit", BMP_LEFT_RING_EXIT},
  {"right_ring_exit", BMP_RIGHT_RING_EXIT},
  {"ringroad_backward", BMP_RINGROAD_BACKWARD},
  {"ringroad_exit", BMP_RINGROAD_EXIT},
  {"ringroad_forward", BMP_RINGROAD_FORWARD},
  {"ringroad_left_135", BMP_RINGROAD_LEFT_135},
  {"ringroad_left_180", BMP_RINGROAD_LEFT_180},
  {"ringroad_left_45", BMP_RINGROAD_LEFT_45},
  {"ringroad_left_90", BMP_RINGROAD_LEFT_90},
  {"ringroad_leftside_backward", BMP_RINGROAD_LEFTSIDE_BACKWARD},
  {"ringroad_leftside_forward", BMP_RINGROAD_LEFTSIDE_FORWARD},
  {"ringroad_leftside_left_135", BMP_RINGROAD_LEFTSIDE_LEFT_135},
  {"ringroad_leftside_left_315", BMP_RINGROAD_LEFTSIDE_LEFT_315},
  {"ringroad_leftside_left_45", BMP_RINGROAD_LEFTSIDE_LEFT_45},
  {"ringroad_leftside_right_180", BMP_RINGROAD_LEFTSIDE_RIGHT_180},
  {"ringroad_leftside_right_225", BMP_RINGROAD_LEFTSIDE_RIGHT_225},
  {"ringroad_leftside_right_270", BMP_RINGROAD_LEFTSIDE_RIGHT_270},
  {"ringroad_leftside_right_360", BMP_RINGROAD_LEFTSIDE_RIGHT_360},
  {"ringroad_leftside_right_90", BMP_RINGROAD_LEFTSIDE_RIGHT_90},
  {"ringroad_right_135", BMP_RINGROAD_RIGHT_135},
  {"ringroad_right_180", BMP_RINGROAD_RIGHT_180},
  {"ringroad_right_45", BMP_RINGROAD_RIGHT_45},
  {"ringroad_right_90", BMP_RINGROAD_RIGHT_90},
  {"stairs", BMP_STAIRS},
  {"stairs_down", BMP_STAIRS_DOWN},
  {"stairs_up", BMP_STAIRS_UP},
  {"start", BMP_START},
  {"startA", BMP_STARTA},
  {"to", BMP_TO},
  {"toRus", BMP_TORUS},
  {"toll_road", BMP_TOLL_ROAD},
  {"turn_over", BMP_TURN_OVER},
  {"turn_over_left_hand", BMP_TURN_OVER_LEFT_HAND},
  {"turn_over_right_hand", BMP_TURN_OVER_RIGHT_HAND},
};

static const size_t GIS_MANEUVER_BMPS_COUNT = 51;

inline const uint8_t *gisManeuverBitmap(const char *codename) {
  if (!codename || !*codename) return nullptr;
  for (size_t i = 0; i < GIS_MANEUVER_BMPS_COUNT; i++)
    if (!strcmp(codename, GIS_MANEUVER_BMPS[i].codename)) return GIS_MANEUVER_BMPS[i].bmp;
  return nullptr;
}
